Date,Region,Product,Category,Units Sold,Discount,Revenue,Cost,Sales
2019-01-01,North,Monitor,Office,434.0,26.11049699149925,110879.0,230147.0,-119268.0
2019-01-02,East,Smartwatch,Electronics,312.0,10.415179869440701,95629.0,211638.0,-116009.0
2019-01-03,West,Printer,Electronics,654.0,39.08691342991553,120266.0,89257.0,31009.0
2019-01-04,South,Camera,Electronics,178.0,64.21442310547242,193362.0,49070.0,144292.0
2019-01-05,North,Laptop,Accessories,416.0,,279843.0,6166.0,273677.0
2019-01-06,South,Printer,Office,101.0,59.14652640908229,236241.0,139193.0,97048.0
2019-01-07,East,Tablet,Home,687.0,0.016861216250653177,256249.0,146749.0,109500.0
2019-01-08,South,Printer,Electronics,158.0,11.796025042142894,71912.0,188633.0,-116721.0
2019-01-09,North,Headphones,Accessories,699.0,2.129647775785993,150327.0,228849.0,-78522.0
2019-01-10,North,Headphones,Home,246.0,22.970302636054804,84183.0,213981.0,-129798.0
2019-01-11,East,Headphones,Electronics,308.0,,,88409.0,-23127.0
2019-01-12,North,Camera,Home,289.0,6.786648651929142,63249.0,38664.0,24585.0
2019-01-13,East,Printer,Accessories,31.0,42.448684372066026,43176.0,130926.0,-87750.0
2019-01-14,East,Smartwatch,Home,406.0,31.604715738361094,13163.0,246890.0,-233727.0
2019-01-15,North,Smartwatch,Electronics,364.0,65.69277486560688,128844.0,2293.0,126551.0
2019-01-16,Central,Printer,Home,64.0,8.576339977596568,236352.0,154515.0,81837.0
2019-01-17,East,Smartwatch,Home,206.0,14.841949535156026,83860.0,237333.0,-153473.0
2019-01-18,North,Phone,Electronics,766.0,2.067937802804529,157215.0,50212.0,107003.0
2019-01-19,Central,Camera,Accessories,585.0,30.375467474196164,272064.0,216203.0,55861.0
2019-01-20,East,Laptop,Accessories,374.0,19.448302969525802,87911.0,76276.0,11635.0
2019-01-21,Central,Laptop,Home,,60.893415372322465,52252.0,13559.0,38693.0
2019-01-22,West,Laptop,Office,156.0,,57756.0,66231.0,-8475.0
2019-01-23,West,Laptop,Home,106.0,42.98635165829912,216325.0,109277.0,107048.0
2019-01-24,Central,Laptop,Office,611.0,37.23374878169117,290369.0,171116.0,119253.0
2019-01-25,East,Smartwatch,Home,450.0,6.42952360604407,204245.0,22747.0,181498.0
2019-01-26,North,Monitor,Accessories,,31.151307860774867,90333.0,238528.0,-148195.0
2019-01-27,South,Headphones,Home,129.0,69.96536327959616,,205581.0,-29284.0
2019-01-28,North,Camera,Home,774.0,58.466050359221036,277951.0,212941.0,65010.0
2019-01-29,South,Monitor,Office,240.0,62.54213379169811,11402.0,162201.0,-150799.0
2019-01-30,South,Camera,Accessories,166.0,57.625845147254964,,1037.0,8484.0
2019-01-31,East,Phone,Office,558.0,7.212918540168788,199237.0,105294.0,93943.0
2019-02-01,Central,Printer,Home,792.0,15.921377784535974,255885.0,98847.0,157038.0
2019-02-02,North,Tablet,Electronics,357.0,0.2185155949486739,13382.0,104742.0,-91360.0
2019-02-03,Central,Headphones,Home,72.0,21.2457087414678,20065.0,49503.0,-29438.0
2019-02-04,West,Phone,Home,177.0,7.60251816425448,19425.0,29207.0,-9782.0
2019-02-05,East,Monitor,Office,641.0,33.09553417111081,280255.0,241232.0,39023.0
2019-02-06,East,Tablet,Electronics,686.0,,176871.0,34241.0,142630.0
2019-02-07,West,Printer,Electronics,563.0,61.21537065266539,58257.0,132130.0,-73873.0
2019-02-08,North,Phone,Office,265.0,52.445201556362875,197249.0,200244.0,-2995.0
2019-02-09,West,Printer,Accessories,221.0,65.70099170449537,13816.0,97171.0,-83355.0
2019-02-10,North,Printer,Electronics,128.0,3.7728803275652156,7175.0,146906.0,-139731.0
2019-02-11,South,Smartwatch,Electronics,166.0,0.8525884791579008,278485.0,213185.0,65300.0
2019-02-12,East,Camera,Office,205.0,,161726.0,118302.0,43424.0
2019-02-13,North,Tablet,Accessories,,20.254668715557237,64696.0,159262.0,-94566.0
2019-02-14,Central,Camera,Accessories,406.0,17.74507112740412,193961.0,73832.0,120129.0
2019-02-15,Central,Printer,Home,466.0,23.162096138565598,223216.0,22383.0,200833.0
2019-02-16,East,Smartwatch,Home,279.0,18.88572405246549,297338.0,243046.0,54292.0
2019-02-17,West,Phone,Office,210.0,35.80054844111111,89358.0,125291.0,-35933.0
2019-02-18,West,Printer,Accessories,44.0,30.810391305689276,,156732.0,20916.0
2019-02-19,North,Monitor,Office,277.0,35.869998596365946,155799.0,240101.0,-84302.0
2019-02-20,West,Printer,Home,704.0,47.089952805030535,39579.0,3674.0,35905.0
2019-02-21,East,Camera,Office,97.0,27.09913562798038,101554.0,115100.0,-13546.0
2019-02-22,North,Tablet,Office,46.0,17.591538099950974,152627.0,110369.0,42258.0
2019-02-23,South,Phone,Electronics,469.0,11.634037576612183,54777.0,23820.0,30957.0
2019-02-24,West,Camera,Electronics,383.0,24.463188367283788,45751.0,217112.0,-171361.0
2019-02-25,West,Printer,Electronics,111.0,51.92645326723204,205671.0,157738.0,47933.0
2019-02-26,North,Monitor,Home,332.0,52.96934370780287,,44794.0,68956.0
2019-02-27,Central,Headphones,Office,69.0,46.68337706789472,79180.0,134148.0,-54968.0
2019-02-28,West,Smartwatch,Electronics,369.0,16.38197227148122,243986.0,196926.0,47060.0
2019-03-01,East,Monitor,Electronics,488.0,41.166037209828836,209750.0,129544.0,80206.0
2019-03-02,West,Printer,Electronics,651.0,,298788.0,184414.0,114374.0
2019-03-03,South,Monitor,Home,28.0,33.898633867680786,38521.0,38555.0,-34.0
2019-03-04,West,Smartwatch,Home,544.0,38.498529046870495,16564.0,187280.0,-170716.0
2019-03-05,Central,Headphones,Office,66.0,34.42534428365676,110155.0,33406.0,76749.0
2019-03-06,West,Monitor,Office,495.0,39.58194562518757,192150.0,193644.0,-1494.0
2019-03-07,North,Headphones,Office,277.0,50.085416823479015,278346.0,41262.0,237084.0
2019-03-08,West,Printer,Electronics,233.0,7.6739736082407815,139757.0,92320.0,47437.0
2019-03-09,Central,Headphones,Accessories,24.0,52.47380265043166,95197.0,218733.0,-123536.0
2019-03-10,North,Camera,Home,7.0,,47637.0,155288.0,-107651.0
2019-03-11,East,Camera,Electronics,425.0,4.663959888726229,154438.0,200189.0,-45751.0
2019-03-12,North,Headphones,Electronics,734.0,68.32557803550273,29276.0,213208.0,-183932.0
2019-03-13,South,Phone,Office,311.0,66.98942382093091,160647.0,31284.0,129363.0
2019-03-14,North,Tablet,Office,436.0,4.230558145839484,215496.0,152243.0,63253.0
2019-03-15,East,Phone,Electronics,140.0,,134526.0,91627.0,42899.0
2019-03-16,West,Headphones,Home,519.0,13.037145680984231,159093.0,146405.0,12688.0
2019-03-17,North,Tablet,Home,197.0,33.974142799409265,6532.0,162607.0,-156075.0
2019-03-18,North,Camera,Electronics,589.0,58.112407009971115,107666.0,90023.0,17643.0
2019-03-19,North,Tablet,Accessories,419.0,66.54282423200232,186877.0,208012.0,-21135.0
2019-03-20,North,Headphones,Accessories,122.0,44.39768574160762,86551.0,241542.0,-154991.0
2019-03-21,East,Camera,Home,670.0,24.773396704827192,173828.0,165772.0,8056.0
2019-03-22,Central,Tablet,Office,213.0,42.232789595121886,76880.0,215655.0,-138775.0
2019-03-23,Central,Tablet,Accessories,38.0,21.840091427591524,,42516.0,69218.0
2019-03-24,North,Phone,Accessories,653.0,63.68765485824422,210714.0,16577.0,194137.0
2019-03-25,East,Tablet,Office,,60.92803241740859,118123.0,221906.0,-103783.0
2019-03-26,East,Printer,Accessories,124.0,39.07622251957627,,16015.0,195245.0
2019-03-27,North,Headphones,Electronics,631.0,22.73592407662524,92897.0,92104.0,793.0
2019-03-28,South,Laptop,Accessories,529.0,20.537277290808483,171919.0,115412.0,56507.0
2019-03-29,North,Laptop,Office,585.0,2.3392596293541623,109599.0,92740.0,16859.0
2019-03-30,South,Laptop,Electronics,773.0,57.10745957177067,285786.0,229356.0,56430.0
2019-03-31,North,Headphones,Accessories,93.0,31.526824912730557,253751.0,223875.0,29876.0
2019-04-01,South,Laptop,Home,516.0,22.75930498801851,41509.0,153308.0,-111799.0
2019-04-02,South,Phone,Electronics,,32.97772484984277,151486.0,230223.0,-78737.0
2019-04-03,North,Headphones,Electronics,,57.31165933182564,133633.0,67640.0,65993.0
2019-04-04,South,Printer,Home,744.0,,,84190.0,37991.0
2019-04-05,West,Camera,Home,696.0,60.03591917692791,67059.0,130516.0,-63457.0
2019-04-06,Central,Printer,Accessories,526.0,62.82561845758478,46091.0,177776.0,-131685.0
2019-04-07,East,Headphones,Accessories,288.0,66.26955405237217,209196.0,174441.0,34755.0
2019-04-08,South,Headphones,Office,381.0,27.824159469583943,5903.0,135718.0,-129815.0
2019-04-09,South,Tablet,Office,642.0,15.199828282637032,246024.0,88007.0,158017.0
2019-04-10,East,Tablet,Electronics,138.0,26.154857292668893,194637.0,157978.0,36659.0
2019-04-11,South,Tablet,Home,671.0,23.303846736198228,,218715.0,-39920.0
2019-04-12,East,Smartwatch,Home,252.0,12.330773875200205,40572.0,48728.0,-8156.0
2019-04-13,North,Smartwatch,Office,656.0,42.50866690710416,284754.0,15878.0,268876.0
2019-04-14,West,Monitor,Electronics,322.0,33.36369123560402,103993.0,248814.0,-144821.0
2019-04-15,West,Smartwatch,Electronics,440.0,60.599069462680255,,129925.0,-27385.0
2019-04-16,Central,Phone,Office,180.0,2.247670633744078,58533.0,10145.0,48388.0
2019-04-17,South,Headphones,Office,690.0,45.07075492885885,160136.0,89578.0,70558.0
2019-04-18,Central,Printer,Office,590.0,53.406421495809276,,19226.0,244671.0
2019-04-19,North,Headphones,Accessories,355.0,53.16405984318149,185653.0,3802.0,181851.0
2019-04-20,West,Tablet,Electronics,147.0,62.025177696686754,125388.0,25119.0,100269.0
2019-04-21,North,Headphones,Electronics,402.0,51.03236199806459,295846.0,64560.0,231286.0
2019-04-22,North,Camera,Electronics,628.0,64.94670431533874,128482.0,58353.0,70129.0
2019-04-23,South,Smartwatch,Office,722.0,23.285961987462404,275775.0,246741.0,29034.0
2019-04-24,North,Headphones,Office,647.0,35.224659172608014,259936.0,224793.0,35143.0
2019-04-25,West,Printer,Office,373.0,0.9855764298023473,92388.0,124001.0,-31613.0
2019-04-26,Central,Laptop,Office,505.0,0.4870311112303849,,194198.0,-64400.0
2019-04-27,West,Camera,Home,,16.808863431606394,,72641.0,2402.0
2019-04-28,South,Camera,Office,374.0,7.056503799735968,165053.0,52712.0,112341.0
2019-04-29,West,Headphones,Accessories,,18.214795755502752,237843.0,184261.0,53582.0
2019-04-30,East,Monitor,Home,386.0,12.393030616987819,264859.0,189856.0,75003.0
2019-05-01,Central,Tablet,Home,90.0,1.9964017387053767,134014.0,131085.0,2929.0
2019-05-02,East,Phone,Office,791.0,63.65129024842346,118076.0,69285.0,48791.0
2019-05-03,East,Phone,Electronics,743.0,0.5756191972224067,104007.0,116278.0,-12271.0
2019-05-04,South,Laptop,Office,464.0,51.52575010359598,202270.0,248128.0,-45858.0
2019-05-05,North,Phone,Electronics,329.0,10.650352084366157,292084.0,175021.0,117063.0
2019-05-06,East,Phone,Office,526.0,63.856073539972,76792.0,166201.0,-89409.0
2019-05-07,West,Tablet,Office,493.0,,13367.0,25512.0,-12145.0
2019-05-08,North,Smartwatch,Electronics,401.0,45.773080245848014,239673.0,103077.0,136596.0
2019-05-09,West,Tablet,Electronics,359.0,47.05639048604236,275717.0,211103.0,64614.0
2019-05-10,West,Monitor,Electronics,292.0,0.37373993787819804,20582.0,195626.0,-175044.0
2019-05-11,North,Printer,Electronics,463.0,68.94100962795214,141450.0,3064.0,138386.0
2019-05-12,North,Laptop,Accessories,,61.44828225030701,149572.0,96614.0,52958.0
2019-05-13,West,Phone,Electronics,540.0,62.657435801106445,26881.0,183639.0,-156758.0
2019-05-14,South,Monitor,Office,295.0,46.147117593561035,187614.0,118639.0,68975.0
2019-05-15,Central,Laptop,Office,172.0,24.135085005817558,70285.0,31011.0,39274.0
2019-05-16,Central,Camera,Accessories,625.0,62.55540543633366,64547.0,72152.0,-7605.0
2019-05-17,South,Phone,Electronics,432.0,20.406184970583464,198223.0,205583.0,-7360.0
2019-05-18,North,Phone,Office,706.0,39.3898080339542,143294.0,11960.0,131334.0
2019-05-19,West,Tablet,Accessories,494.0,6.981168064071768,12933.0,225600.0,-212667.0
2019-05-20,Central,Headphones,Office,359.0,64.53689410929252,245839.0,122789.0,123050.0
2019-05-21,West,Laptop,Accessories,200.0,9.853932043984933,103706.0,59920.0,43786.0
2019-05-22,South,Phone,Accessories,549.0,15.74277640112851,179682.0,22387.0,157295.0
2019-05-23,West,Smartwatch,Home,721.0,39.06939106897505,9544.0,147396.0,-137852.0
2019-05-24,South,Laptop,Home,698.0,53.48651001490871,207682.0,64960.0,142722.0
2019-05-25,North,Printer,Electronics,663.0,43.35459141554092,,123994.0,63578.0
2019-05-26,South,Smartwatch,Home,784.0,16.24937389601093,222054.0,203851.0,18203.0
2019-05-27,South,Monitor,Accessories,15.0,0.0660129769243234,,33628.0,231083.0
2019-05-28,Central,Smartwatch,Office,586.0,53.00054062152074,105834.0,122269.0,-16435.0
2019-05-29,West,Monitor,Office,260.0,68.96451281377657,139405.0,207168.0,-67763.0
2019-05-30,Central,Headphones,Electronics,400.0,,45002.0,48452.0,-3450.0
2019-05-31,East,Phone,Home,735.0,32.21446327096307,260549.0,42098.0,218451.0
2019-06-01,South,Smartwatch,Electronics,413.0,63.26370829793746,223760.0,202531.0,21229.0
2019-06-02,East,Printer,Accessories,,28.689337118284502,135011.0,171307.0,-36296.0
2019-06-03,Central,Tablet,Home,263.0,36.74538589704273,173922.0,87861.0,86061.0
2019-06-04,West,Phone,Electronics,7.0,33.39908371769783,126548.0,28949.0,97599.0
2019-06-05,Central,Laptop,Office,,31.333671086586747,36786.0,154893.0,-118107.0
2019-06-06,West,Camera,Office,160.0,54.2633538505734,,203684.0,7102.0
2019-06-07,West,Monitor,Electronics,667.0,36.87382350886444,72261.0,154104.0,-81843.0
2019-06-08,North,Laptop,Electronics,180.0,22.170198541765124,285621.0,74537.0,211084.0
2019-06-09,South,Headphones,Electronics,711.0,18.071071736093483,182605.0,147375.0,35230.0
2019-06-10,Central,Monitor,Accessories,476.0,2.642312187720337,275640.0,117003.0,158637.0
2019-06-11,West,Tablet,Accessories,623.0,40.82366133181322,125522.0,214065.0,-88543.0
2019-06-12,Central,Monitor,Office,428.0,16.097299078072396,212080.0,239051.0,-26971.0
2019-06-13,Central,Camera,Accessories,138.0,10.369374541146817,287868.0,144375.0,143493.0
2019-06-14,West,Smartwatch,Accessories,792.0,,297560.0,51701.0,245859.0
2019-06-15,East,Printer,Home,384.0,47.68464804750842,40575.0,51511.0,-10936.0
2019-06-16,South,Smartwatch,Accessories,671.0,52.65084245803662,81614.0,81664.0,-50.0
2019-06-17,South,Phone,Home,281.0,35.2503827437014,98566.0,150352.0,-51786.0
2019-06-18,North,Camera,Accessories,240.0,62.58382236427206,257061.0,40427.0,216634.0
2019-06-19,North,Printer,Office,756.0,65.54399273787595,209180.0,98180.0,111000.0
2019-06-20,North,Camera,Electronics,17.0,56.51596578547426,132192.0,104550.0,27642.0
2019-06-21,South,Phone,Office,346.0,44.49154374057311,24359.0,139039.0,-114680.0
2019-06-22,East,Monitor,Accessories,39.0,21.260466751383206,206464.0,138733.0,67731.0
2019-06-23,South,Headphones,Electronics,563.0,68.80614451341549,229135.0,78952.0,150183.0
2019-06-24,South,Phone,Electronics,218.0,19.189531703435684,48634.0,67046.0,-18412.0
2019-06-25,South,Phone,Electronics,416.0,14.185984539330175,122255.0,107918.0,14337.0
2019-06-26,South,Printer,Home,409.0,30.950787965060794,47864.0,36200.0,11664.0
2019-06-27,East,Tablet,Office,498.0,3.9788399498671922,42355.0,68442.0,-26087.0
2019-06-28,North,Smartwatch,Home,662.0,68.49461252702535,42690.0,193743.0,-151053.0
2019-06-29,Central,Monitor,Electronics,,41.19034894914974,167717.0,92070.0,75647.0
2019-06-30,North,Phone,Office,641.0,38.98664641649227,220886.0,59168.0,161718.0
2019-07-01,North,Headphones,Office,114.0,,208811.0,49322.0,159489.0
2019-07-02,Central,Laptop,Accessories,553.0,,61630.0,214056.0,-152426.0
2019-07-03,South,Monitor,Home,793.0,2.244446196617911,184243.0,169768.0,14475.0
2019-07-04,East,Tablet,Home,530.0,42.86179021882777,26658.0,71246.0,-44588.0
2019-07-05,East,Camera,Accessories,351.0,50.13217138695015,244204.0,241916.0,2288.0
2019-07-06,North,Phone,Home,748.0,29.17243424368372,282941.0,170964.0,111977.0
2019-07-07,Central,Headphones,Electronics,640.0,53.010690044983505,234414.0,238213.0,-3799.0
2019-07-08,West,Monitor,Electronics,283.0,15.890090953689443,11265.0,16583.0,-5318.0
2019-07-09,South,Headphones,Home,483.0,15.489361374632882,130611.0,83720.0,46891.0
2019-07-10,North,Headphones,Accessories,,11.299189138130178,208206.0,187287.0,20919.0
2019-07-11,East,Smartwatch,Office,640.0,26.03963318524133,163070.0,156925.0,6145.0
2019-07-12,Central,Printer,Home,435.0,59.29084247723585,96426.0,138181.0,-41755.0
2019-07-13,Central,Camera,Office,546.0,57.9538443504345,,240285.0,-40207.0
2019-07-14,North,Tablet,Accessories,119.0,26.797694557445265,183417.0,60757.0,122660.0
2019-07-15,West,Smartwatch,Office,94.0,41.23831151861656,147957.0,7659.0,140298.0
2019-07-16,East,Monitor,Accessories,216.0,50.45714215324409,114681.0,2238.0,112443.0
2019-07-17,North,Phone,Accessories,,16.884474223961607,60597.0,122270.0,-61673.0
2019-07-18,West,Tablet,Electronics,599.0,11.769876012632295,102375.0,120211.0,-17836.0
2019-07-19,Central,Phone,Electronics,543.0,68.04671952486177,252077.0,16064.0,236013.0
2019-07-20,South,Laptop,Accessories,733.0,43.229011924673294,284228.0,163187.0,121041.0
2019-07-21,East,Headphones,Home,364.0,68.69910052835647,9383.0,164024.0,-154641.0
2019-07-22,East,Laptop,Electronics,490.0,23.642919099256037,97313.0,137692.0,-40379.0
2019-07-23,West,Printer,Accessories,376.0,49.21221899818921,85294.0,100790.0,-15496.0
2019-07-24,North,Headphones,Office,219.0,15.58225455788664,66331.0,103985.0,-37654.0
2019-07-25,Central,Camera,Office,737.0,18.284011989173905,100057.0,45258.0,54799.0
2019-07-26,West,Tablet,Home,19.0,35.833148488873675,156601.0,136542.0,20059.0
2019-07-27,South,Phone,Office,263.0,22.373268785564985,194646.0,154075.0,40571.0
2019-07-28,South,Smartwatch,Office,782.0,,224699.0,159643.0,65056.0
2019-07-29,South,Printer,Accessories,,18.40164913925282,101917.0,25668.0,76249.0
2019-07-30,West,Camera,Office,124.0,2.5023876126105247,298076.0,78259.0,219817.0
2019-07-31,Central,Phone,Office,132.0,49.30965350342406,269052.0,113192.0,155860.0
2019-08-01,East,Tablet,Office,727.0,34.44816599601031,35412.0,97576.0,-62164.0
2019-08-02,North,Monitor,Office,527.0,6.597014648316794,258928.0,106481.0,152447.0
2019-08-03,East,Printer,Accessories,692.0,12.018579518994384,217104.0,112505.0,104599.0
2019-08-04,Central,Laptop,Office,649.0,7.177417667885081,7928.0,164118.0,-156190.0
2019-08-05,East,Laptop,Home,329.0,42.88149657931135,166704.0,203049.0,-36345.0
2019-08-06,West,Smartwatch,Electronics,324.0,6.594725452874566,37309.0,248600.0,-211291.0
2019-08-07,South,Phone,Home,510.0,52.799763312465124,276424.0,209327.0,67097.0
2019-08-08,Central,Phone,Electronics,530.0,1.4357643524273822,45449.0,6397.0,39052.0
2019-08-09,Central,Phone,Home,54.0,17.456305159712446,294101.0,100925.0,193176.0
2019-08-10,East,Printer,Electronics,588.0,62.3466673124335,172967.0,84481.0,88486.0
2019-08-11,West,Tablet,Electronics,73.0,50.29719226855722,98057.0,154305.0,-56248.0
2019-08-12,East,Monitor,Electronics,395.0,5.10778330479814,234223.0,215408.0,18815.0
2019-08-13,East,Laptop,Electronics,387.0,57.47882731396258,157767.0,61308.0,96459.0
2019-08-14,Central,Camera,Accessories,20.0,34.51245850781434,79893.0,201798.0,-121905.0
2019-08-15,East,Headphones,Home,443.0,59.27481190181805,292320.0,195291.0,97029.0
2019-08-16,South,Printer,Electronics,572.0,42.05178421152754,154481.0,235430.0,-80949.0
2019-08-17,East,Printer,Home,621.0,47.72831224230011,260536.0,2130.0,258406.0
2019-08-18,South,Tablet,Office,136.0,69.54510922769957,5987.0,125293.0,-119306.0
2019-08-19,Central,Laptop,Electronics,564.0,16.26348821468127,203573.0,15071.0,188502.0
2019-08-20,West,Smartwatch,Home,252.0,43.676190233297184,241692.0,86517.0,155175.0
2019-08-21,South,Monitor,Accessories,277.0,32.222497304017885,31015.0,111240.0,-80225.0
2019-08-22,West,Tablet,Home,627.0,2.7616367045884003,121751.0,3118.0,118633.0
2019-08-23,West,Camera,Electronics,353.0,,186353.0,132735.0,53618.0
2019-08-24,South,Laptop,Office,488.0,8.346000447250107,53231.0,63408.0,-10177.0
2019-08-25,Central,Tablet,Home,554.0,45.43642183769837,,52786.0,112318.0
2019-08-26,North,Laptop,Office,361.0,39.70141615393745,,82271.0,213178.0
2019-08-27,West,Laptop,Accessories,756.0,38.74006928146092,59306.0,20158.0,39148.0
2019-08-28,West,Smartwatch,Home,322.0,,224248.0,32087.0,192161.0
2019-08-29,Central,Printer,Home,,32.85120974520049,126139.0,89114.0,37025.0
2019-08-30,Central,Monitor,Accessories,52.0,64.723597248977,23318.0,185193.0,-161875.0
2019-08-31,East,Printer,Accessories,14.0,27.831430851745264,149318.0,20874.0,128444.0
2019-09-01,Central,Headphones,Accessories,237.0,43.74457288519194,168674.0,240139.0,-71465.0
2019-09-02,West,Monitor,Electronics,40.0,54.58730729362005,288728.0,84443.0,204285.0
2019-09-03,South,Laptop,Electronics,417.0,54.87476953993213,252399.0,41821.0,210578.0
2019-09-04,North,Tablet,Home,466.0,36.349605767669,20169.0,116675.0,-96506.0
2019-09-05,East,Camera,Home,8.0,60.056636178163544,,61582.0,-30614.0
2019-09-06,South,Smartwatch,Home,48.0,27.396466535462288,209830.0,123603.0,86227.0
2019-09-07,North,Monitor,Office,572.0,62.20852503493588,120391.0,154859.0,-34468.0
2019-09-08,North,Headphones,Accessories,558.0,16.81590164768817,292588.0,196775.0,95813.0
2019-09-09,North,Laptop,Home,259.0,19.615148489339973,239856.0,153777.0,86079.0
2019-09-10,South,Camera,Accessories,744.0,3.7184436939300767,67497.0,70381.0,-2884.0
2019-09-11,East,Monitor,Electronics,118.0,55.6907285579598,10362.0,112800.0,-102438.0
2019-09-12,East,Printer,Accessories,753.0,,144322.0,236677.0,-92355.0
2019-09-13,North,Printer,Office,401.0,16.03816297379793,73354.0,131805.0,-58451.0
2019-09-14,South,Monitor,Office,178.0,16.22531943316058,41368.0,176725.0,-135357.0
2019-09-15,North,Monitor,Accessories,259.0,63.09799588604632,49109.0,83018.0,-33909.0
2019-09-16,Central,Monitor,Office,470.0,58.37416203227258,193717.0,101592.0,92125.0
2019-09-17,East,Camera,Office,281.0,38.74716197500283,32426.0,92626.0,-60200.0
2019-09-18,West,Printer,Electronics,468.0,43.127756029100475,117637.0,87217.0,30420.0
2019-09-19,North,Tablet,Home,506.0,33.20278993852037,44023.0,164324.0,-120301.0
2019-09-20,Central,Headphones,Office,445.0,27.41665800151662,160964.0,205404.0,-44440.0
2019-09-21,East,Headphones,Home,73.0,64.0833816852832,99897.0,73799.0,26098.0
2019-09-22,South,Smartwatch,Accessories,513.0,8.792889246421145,152079.0,63185.0,88894.0
2019-09-23,East,Laptop,Accessories,330.0,29.291275280135956,84777.0,210385.0,-125608.0
2019-09-24,South,Phone,Office,746.0,24.119333559151272,49858.0,42538.0,7320.0
2019-09-25,South,Tablet,Accessories,71.0,34.87055041758039,225510.0,21343.0,204167.0
2019-09-26,North,Printer,Electronics,308.0,32.034231218162255,25239.0,237761.0,-212522.0
2019-09-27,North,Laptop,Office,488.0,36.3222672155757,46291.0,212470.0,-166179.0
2019-09-28,East,Smartwatch,Office,552.0,9.794328405889587,43805.0,173304.0,-129499.0
2019-09-29,Central,Laptop,Office,421.0,35.919905105929395,103831.0,121026.0,-17195.0
2019-09-30,East,Monitor,Accessories,163.0,16.96931697210476,154515.0,235257.0,-80742.0
2019-10-01,West,Phone,Accessories,153.0,12.903194429173388,14290.0,54106.0,-39816.0
2019-10-02,South,Printer,Office,,4.538395315033386,286216.0,115322.0,170894.0
2019-10-03,South,Phone,Home,588.0,53.385679112929864,90186.0,82227.0,7959.0
2019-10-04,North,Tablet,Accessories,252.0,29.9209344599592,282259.0,185151.0,97108.0
2019-10-05,Central,Phone,Accessories,105.0,43.86505783182309,10149.0,157100.0,-146951.0
2019-10-06,North,Laptop,Office,706.0,50.931534031332035,284860.0,43135.0,241725.0
2019-10-07,West,Phone,Home,100.0,47.552166571948746,18621.0,163138.0,-144517.0
2019-10-08,East,Phone,Office,388.0,,265800.0,120599.0,145201.0
2019-10-09,East,Headphones,Accessories,286.0,27.152897026621087,297543.0,230789.0,66754.0
2019-10-10,Central,Printer,Office,326.0,26.31719367484646,124374.0,84470.0,39904.0
2019-10-11,North,Printer,Office,400.0,44.803415785103944,295894.0,21910.0,273984.0
2019-10-12,North,Laptop,Office,,34.63560484593114,227682.0,245090.0,-17408.0
2019-10-13,West,Camera,Home,533.0,59.43925735919574,218614.0,139213.0,79401.0
2019-10-14,East,Phone,Office,267.0,61.22913890286985,253797.0,46950.0,206847.0
2019-10-15,North,Phone,Accessories,,11.939226460456293,98430.0,187795.0,-89365.0
2019-10-16,Central,Monitor,Office,584.0,9.536355608200795,119921.0,17225.0,102696.0
2019-10-17,East,Printer,Home,644.0,44.12806482251997,96729.0,232322.0,-135593.0
2019-10-18,West,Phone,Electronics,297.0,21.08580236435956,56843.0,219195.0,-162352.0
2019-10-19,Central,Printer,Home,298.0,1.2999503135569201,146294.0,33959.0,112335.0
2019-10-20,South,Phone,Office,612.0,62.20498685540686,136458.0,50192.0,86266.0
2019-10-21,West,Headphones,Electronics,399.0,15.883053707066578,45878.0,80711.0,-34833.0
2019-10-22,Central,Laptop,Office,517.0,65.04964561800664,205741.0,142123.0,63618.0
2019-10-23,North,Printer,Home,184.0,50.22041156147775,174421.0,203500.0,-29079.0
2019-10-24,South,Tablet,Electronics,697.0,53.3857442938039,236343.0,4449.0,231894.0
2019-10-25,West,Laptop,Electronics,239.0,14.10230470552123,,173167.0,-77815.0
2019-10-26,North,Monitor,Office,341.0,16.393609793176903,23383.0,105213.0,-81830.0
2019-10-27,South,Laptop,Office,12.0,36.488742767684606,140973.0,210001.0,-69028.0
2019-10-28,East,Phone,Home,447.0,12.04698968549035,19633.0,161262.0,-141629.0
2019-10-29,North,Monitor,Office,543.0,21.380218487812257,67244.0,101245.0,-34001.0
2019-10-30,Central,Laptop,Electronics,,22.502373456346312,195091.0,98069.0,97022.0
2019-10-31,West,Smartwatch,Accessories,95.0,11.174095327693486,224184.0,158213.0,65971.0
2019-11-01,South,Monitor,Accessories,276.0,14.362798337661252,181173.0,234597.0,-53424.0
2019-11-02,North,Smartwatch,Home,9.0,55.19862894057796,180778.0,24908.0,155870.0
2019-11-03,East,Tablet,Office,598.0,11.703709818308786,213156.0,105847.0,107309.0
2019-11-04,West,Laptop,Home,223.0,1.992017429074574,20115.0,121910.0,-101795.0
2019-11-05,West,Printer,Accessories,122.0,44.05484598402569,80379.0,164394.0,-84015.0
2019-11-06,North,Printer,Accessories,597.0,68.3188183574715,238553.0,182782.0,55771.0
2019-11-07,East,Camera,Office,586.0,23.184967023618498,44979.0,15012.0,29967.0
2019-11-08,South,Phone,Electronics,119.0,8.305899223737661,176713.0,166961.0,9752.0
2019-11-09,North,Smartwatch,Office,267.0,39.92711277572715,,18412.0,55965.0
2019-11-10,South,Monitor,Accessories,310.0,63.44479477669523,257858.0,228222.0,29636.0
2019-11-11,West,Camera,Electronics,,54.88432458799352,11416.0,111030.0,-99614.0
2019-11-12,South,Camera,Home,426.0,,136666.0,25657.0,111009.0
2019-11-13,East,Headphones,Accessories,211.0,22.053954762531955,181128.0,6656.0,174472.0
2019-11-14,Central,Smartwatch,Home,,37.9316121293354,,141039.0,-17796.0
2019-11-15,East,Monitor,Electronics,307.0,,108070.0,217030.0,-108960.0
2019-11-16,South,Camera,Home,116.0,47.526179699646896,41126.0,147836.0,-106710.0
2019-11-17,North,Headphones,Accessories,421.0,50.75672132283556,85382.0,16873.0,68509.0
2019-11-18,West,Camera,Office,559.0,67.55221360369431,227785.0,95485.0,132300.0
2019-11-19,Central,Phone,Home,289.0,18.227815112155014,23228.0,110383.0,-87155.0
2019-11-20,North,Tablet,Accessories,644.0,1.291949333011585,29009.0,183102.0,-154093.0
2019-11-21,North,Smartwatch,Accessories,189.0,38.19259250990054,267238.0,199879.0,67359.0
2019-11-22,East,Headphones,Electronics,745.0,49.47533530777701,85636.0,2607.0,83029.0
2019-11-23,South,Tablet,Accessories,225.0,,188293.0,151595.0,36698.0
2019-11-24,East,Monitor,Office,448.0,13.561725311736742,103453.0,49447.0,54006.0
2019-11-25,South,Phone,Office,121.0,18.322700832591657,59486.0,50757.0,8729.0
2019-11-26,East,Headphones,Home,74.0,35.881364768710746,198366.0,225598.0,-27232.0
2019-11-27,North,Monitor,Home,74.0,23.14205669790013,265243.0,70201.0,195042.0
2019-11-28,West,Camera,Home,626.0,60.23580406112115,25860.0,129765.0,-103905.0
2019-11-29,South,Printer,Home,431.0,33.16321076171042,249856.0,213916.0,35940.0
2019-11-30,Central,Laptop,Office,648.0,55.97050508714021,219135.0,203460.0,15675.0
2019-12-01,Central,Monitor,Electronics,572.0,40.643383233764766,54607.0,6462.0,48145.0
2019-12-02,North,Tablet,Home,447.0,54.11630991319784,214605.0,117832.0,96773.0
2019-12-03,East,Phone,Electronics,605.0,23.28710905712267,23330.0,163867.0,-140537.0
2019-12-04,East,Phone,Accessories,141.0,58.199163535121784,176150.0,201878.0,-25728.0
2019-12-05,North,Monitor,Accessories,508.0,19.22006208857151,191404.0,49465.0,141939.0
2019-12-06,Central,Camera,Home,135.0,38.22691656023036,257134.0,193181.0,63953.0
2019-12-07,Central,Laptop,Accessories,222.0,,226437.0,91027.0,135410.0
2019-12-08,East,Smartwatch,Electronics,692.0,33.286856513833534,13070.0,51528.0,-38458.0
2019-12-09,South,Tablet,Electronics,175.0,22.27226466560922,6320.0,37230.0,-30910.0
2019-12-10,West,Monitor,Accessories,479.0,18.669240144605,11589.0,49242.0,-37653.0
2019-12-11,South,Monitor,Home,616.0,67.68895126196263,,197955.0,-177366.0
2019-12-12,Central,Printer,Electronics,133.0,11.205187384071143,41375.0,115688.0,-74313.0
2019-12-13,South,Phone,Electronics,61.0,55.11280862201767,48085.0,230438.0,-182353.0
2019-12-14,West,Tablet,Office,185.0,68.89154716382504,65840.0,2783.0,63057.0
2019-12-15,South,Laptop,Home,250.0,1.393103861805448,,29390.0,149882.0
2019-12-16,South,Phone,Office,148.0,48.93191898294665,103704.0,140489.0,-36785.0
2019-12-17,South,Monitor,Accessories,55.0,17.703826388940097,35982.0,73102.0,-37120.0
2019-12-18,South,Phone,Accessories,372.0,2.834147702981311,295658.0,18426.0,277232.0
2019-12-19,North,Phone,Office,463.0,28.202270526964156,200961.0,31750.0,169211.0
2019-12-20,Central,Headphones,Home,222.0,65.46524671196126,81034.0,59188.0,21846.0
2019-12-21,West,Phone,Electronics,620.0,0.823556605689838,,11872.0,37973.0
2019-12-22,Central,Camera,Accessories,571.0,41.15199843508472,259259.0,95231.0,164028.0
2019-12-23,North,Phone,Home,261.0,35.097753501672706,113417.0,130860.0,-17443.0
2019-12-24,North,Smartwatch,Home,160.0,61.136891505973324,118436.0,180158.0,-61722.0
2019-12-25,North,Camera,Accessories,569.0,5.880120016443796,243198.0,67770.0,175428.0
2019-12-26,North,Tablet,Accessories,446.0,47.70682209206552,288303.0,232360.0,55943.0
2019-12-27,South,Phone,Home,703.0,47.60767889032941,94788.0,226440.0,-131652.0
2019-12-28,Central,Laptop,Electronics,666.0,46.83560118035983,29003.0,125158.0,-96155.0
2019-12-29,East,Camera,Office,780.0,65.96341464545259,110722.0,84514.0,26208.0
2019-12-30,West,Camera,Accessories,766.0,57.61612703048163,241444.0,220249.0,21195.0
2019-12-31,North,Monitor,Office,727.0,2.9380908370454204,27205.0,93663.0,-66458.0
2020-01-01,Central,Tablet,Home,29.0,32.97579954931592,232131.0,166792.0,65339.0
2020-01-02,North,Phone,Office,668.0,27.856713934093342,61955.0,150151.0,-88196.0
2020-01-03,North,Printer,Electronics,540.0,21.710305476356144,246235.0,149410.0,96825.0
2020-01-04,North,Laptop,Home,768.0,31.59357076078681,274608.0,135363.0,139245.0
2020-01-05,North,Monitor,Electronics,64.0,26.893592944818423,218718.0,206156.0,12562.0
2020-01-06,North,Tablet,Home,471.0,30.26337299150657,208729.0,113808.0,94921.0
2020-01-07,West,Smartwatch,Electronics,438.0,68.54833059260497,276984.0,111091.0,165893.0
2020-01-08,Central,Camera,Home,70.0,,288071.0,100272.0,187799.0
2020-01-09,North,Laptop,Electronics,569.0,64.55616088871109,20329.0,50393.0,-30064.0
2020-01-10,North,Smartwatch,Home,110.0,33.61656994297187,20791.0,94558.0,-73767.0
2020-01-11,North,Phone,Electronics,100.0,43.66195718496788,150444.0,70770.0,79674.0
2020-01-12,North,Printer,Home,692.0,,184541.0,27720.0,156821.0
2020-01-13,South,Headphones,Electronics,555.0,25.232412040447887,135436.0,238714.0,-103278.0
2020-01-14,South,Headphones,Accessories,172.0,30.129533566157683,92073.0,237725.0,-145652.0
2020-01-15,East,Tablet,Office,46.0,28.66629361950998,254894.0,14368.0,240526.0
2020-01-16,North,Printer,Home,108.0,26.23117157750319,56408.0,186385.0,-129977.0
2020-01-17,East,Laptop,Electronics,208.0,64.78705251528265,151306.0,48969.0,102337.0
2020-01-18,West,Monitor,Accessories,524.0,58.025092383510845,,49838.0,93766.0
2020-01-19,East,Laptop,Home,286.0,7.6299992904083265,,9734.0,67705.0
2020-01-20,Central,Printer,Home,47.0,7.568634673396723,23242.0,108187.0,-84945.0
2020-01-21,South,Smartwatch,Home,114.0,29.950866039709382,186326.0,100329.0,85997.0
2020-01-22,South,Camera,Office,214.0,6.906016371296634,244647.0,144269.0,100378.0
2020-01-23,North,Headphones,Electronics,753.0,43.336516668978376,299438.0,69895.0,229543.0
2020-01-24,North,Tablet,Electronics,53.0,10.058412508321373,195856.0,235633.0,-39777.0
2020-01-25,West,Phone,Home,119.0,36.566128477676074,196373.0,121424.0,74949.0
2020-01-26,West,Laptop,Home,159.0,0.5053962902602427,146503.0,188903.0,-42400.0
2020-01-27,Central,Headphones,Home,653.0,22.16174438888527,95381.0,102255.0,-6874.0
2020-01-28,North,Monitor,Accessories,507.0,47.40335065708588,257641.0,59073.0,198568.0
2020-01-29,North,Tablet,Home,683.0,33.88272581594939,191444.0,204997.0,-13553.0
2020-01-30,West,Phone,Office,715.0,68.47886401992916,99176.0,245042.0,-145866.0
2020-01-31,West,Laptop,Electronics,75.0,61.187265724634756,124667.0,212560.0,-87893.0
2020-02-01,West,Monitor,Office,523.0,25.134954533020586,52387.0,226683.0,-174296.0
2020-02-02,South,Phone,Home,716.0,3.184057903059222,188999.0,216547.0,-27548.0
2020-02-03,East,Camera,Accessories,340.0,59.193841008051315,276448.0,244603.0,31845.0
2020-02-04,East,Headphones,Home,71.0,63.786401722026994,284176.0,182374.0,101802.0
2020-02-05,North,Camera,Home,497.0,57.443917539332574,96291.0,16624.0,79667.0
2020-02-06,South,Headphones,Home,654.0,8.956495864383541,64486.0,199343.0,-134857.0
2020-02-07,West,Monitor,Home,758.0,69.85405940886014,70552.0,25315.0,45237.0
2020-02-08,North,Smartwatch,Home,217.0,18.10089550869417,44244.0,18422.0,25822.0
2020-02-09,South,Camera,Electronics,185.0,50.694343896585906,55697.0,171209.0,-115512.0
2020-02-10,Central,Headphones,Office,770.0,63.56244134350051,269837.0,73663.0,196174.0
2020-02-11,South,Tablet,Accessories,617.0,16.49809800314966,192823.0,102216.0,90607.0
2020-02-12,North,Monitor,Home,603.0,63.578098827394626,86098.0,180304.0,-94206.0
2020-02-13,East,Headphones,Accessories,701.0,21.663710543640686,11259.0,210214.0,-198955.0
2020-02-14,West,Laptop,Electronics,607.0,68.34892556688393,124746.0,33743.0,91003.0
2020-02-15,Central,Headphones,Office,252.0,19.68820142663322,112772.0,231618.0,-118846.0
2020-02-16,South,Camera,Home,218.0,66.74050773304846,122928.0,147708.0,-24780.0
2020-02-17,North,Tablet,Electronics,363.0,3.7481255624872434,52419.0,222956.0,-170537.0
2020-02-18,North,Phone,Electronics,253.0,49.64904081688691,201979.0,11108.0,190871.0
2020-02-19,West,Smartwatch,Office,642.0,37.24777936859026,163455.0,205706.0,-42251.0
2020-02-20,North,Phone,Home,520.0,33.451395398591146,28404.0,37180.0,-8776.0
2020-02-21,North,Headphones,Office,92.0,15.644601997908799,141774.0,19883.0,121891.0
2020-02-22,West,Phone,Office,667.0,49.39170528435444,105965.0,45400.0,60565.0
2020-02-23,Central,Headphones,Accessories,180.0,13.356664401241497,61332.0,178071.0,-116739.0
2020-02-24,East,Tablet,Accessories,727.0,38.69892571893378,175491.0,48951.0,126540.0
2020-02-25,East,Phone,Office,430.0,,226648.0,139232.0,87416.0
2020-02-26,South,Camera,Accessories,775.0,66.89349658469493,,56262.0,51920.0
2020-02-27,Central,Camera,Electronics,607.0,2.004183568495698,113269.0,152001.0,-38732.0
2020-02-28,South,Laptop,Office,775.0,13.980979607786558,39142.0,84133.0,-44991.0
2020-02-29,East,Headphones,Home,707.0,,,143195.0,-28496.0
2020-03-01,West,Phone,Home,85.0,28.98474780374715,,116106.0,-14880.0
2020-03-02,North,Camera,Electronics,142.0,16.291116930903748,274537.0,160429.0,114108.0
2020-03-03,East,Printer,Home,437.0,,206011.0,71496.0,134515.0
2020-03-04,Central,Tablet,Home,474.0,61.07258662809773,205154.0,165628.0,39526.0
2020-03-05,East,Smartwatch,Office,354.0,49.844439498641954,107281.0,215863.0,-108582.0
2020-03-06,Central,Tablet,Electronics,130.0,40.597338637457774,,62934.0,-48546.0
2020-03-07,Central,Printer,Office,313.0,6.230222458787575,67969.0,79886.0,-11917.0
2020-03-08,Central,Printer,Electronics,234.0,48.57944758724929,41660.0,31881.0,9779.0
2020-03-09,South,Laptop,Office,464.0,11.648999901765789,94244.0,19409.0,74835.0
2020-03-10,West,Tablet,Office,349.0,55.04571701731886,84544.0,187488.0,-102944.0
2020-03-11,East,Tablet,Accessories,314.0,17.503973095710723,237625.0,99171.0,138454.0
2020-03-12,West,Phone,Home,24.0,29.193410982463064,199068.0,200054.0,-986.0
2020-03-13,North,Headphones,Electronics,565.0,24.532914162254954,,162729.0,-42359.0
2020-03-14,East,Monitor,Home,651.0,60.116974027239976,22545.0,218815.0,-196270.0
2020-03-15,West,Smartwatch,Accessories,545.0,8.85811210993857,138451.0,49951.0,88500.0
2020-03-16,West,Tablet,Electronics,564.0,39.5951417669352,231845.0,9752.0,222093.0
2020-03-17,North,Smartwatch,Accessories,,9.944312661014356,177192.0,118339.0,58853.0
2020-03-18,Central,Smartwatch,Home,273.0,49.33570852925307,284953.0,145512.0,139441.0
2020-03-19,East,Smartwatch,Office,7.0,63.35546894561368,295111.0,45864.0,249247.0
2020-03-20,East,Tablet,Accessories,774.0,30.42253577070774,28424.0,181763.0,-153339.0
2020-03-21,North,Monitor,Accessories,20.0,34.166458218548314,231675.0,73035.0,158640.0
2020-03-22,Central,Tablet,Office,610.0,64.91959855379336,214550.0,87675.0,126875.0
2020-03-23,East,Phone,Home,362.0,36.469397205454996,185526.0,212375.0,-26849.0
2020-03-24,East,Phone,Accessories,650.0,34.131890663469264,187997.0,23343.0,164654.0
2020-03-25,East,Monitor,Home,137.0,40.48303718930129,42049.0,225320.0,-183271.0
2020-03-26,Central,Camera,Office,316.0,48.24608154540663,294965.0,20673.0,274292.0
2020-03-27,North,Tablet,Electronics,486.0,7.481836256092197,166017.0,192026.0,-26009.0
2020-03-28,East,Camera,Accessories,548.0,,82734.0,186770.0,-104036.0
2020-03-29,West,Smartwatch,Home,309.0,30.485351921728146,230962.0,96024.0,134938.0
2020-03-30,Central,Tablet,Office,273.0,5.064395692823988,8830.0,27520.0,-18690.0
2020-03-31,South,Headphones,Office,418.0,55.032786843874916,201339.0,241713.0,-40374.0
2020-04-01,North,Tablet,Accessories,29.0,26.386498018039045,163829.0,246195.0,-82366.0
2020-04-02,West,Phone,Electronics,320.0,7.025724656653775,68867.0,16784.0,52083.0
2020-04-03,East,Laptop,Accessories,575.0,44.36453276802754,,118446.0,51392.0
2020-04-04,South,Printer,Home,729.0,61.609194740354916,299563.0,39079.0,260484.0
2020-04-05,North,Laptop,Office,672.0,62.142745658979045,283812.0,45220.0,238592.0
2020-04-06,Central,Laptop,Electronics,280.0,,29996.0,152563.0,-122567.0
2020-04-07,South,Laptop,Home,393.0,60.73938218366816,,113878.0,25259.0
2020-04-08,South,Printer,Accessories,726.0,0.1498643541832656,277611.0,117583.0,160028.0
2020-04-09,West,Camera,Office,448.0,26.616881648937316,246452.0,49720.0,196732.0
2020-04-10,North,Printer,Accessories,431.0,57.29798059338521,157079.0,232876.0,-75797.0
2020-04-11,West,Camera,Electronics,61.0,25.637710419893196,204151.0,15718.0,188433.0
2020-04-12,West,Printer,Electronics,701.0,42.10839544657943,295846.0,167669.0,128177.0
2020-04-13,East,Printer,Electronics,570.0,42.44218631621724,99369.0,62217.0,37152.0
2020-04-14,Central,Tablet,Electronics,725.0,25.551771282717613,80569.0,230423.0,-149854.0
2020-04-15,South,Camera,Electronics,372.0,63.31317490969013,39169.0,101668.0,-62499.0
2020-04-16,North,Tablet,Accessories,346.0,35.22598417702823,21829.0,158904.0,-137075.0
2020-04-17,Central,Headphones,Electronics,308.0,32.534894415625054,9522.0,186890.0,-177368.0
2020-04-18,Central,Tablet,Electronics,768.0,69.82596219633271,123576.0,229470.0,-105894.0
2020-04-19,North,Laptop,Office,,34.545025485083166,166545.0,144936.0,21609.0
2020-04-20,Central,Monitor,Electronics,116.0,12.487877635000673,274843.0,89378.0,185465.0
2020-04-21,East,Monitor,Office,10.0,35.914859600440664,73165.0,9177.0,63988.0
2020-04-22,Central,Phone,Office,707.0,56.981171486395105,80692.0,178187.0,-97495.0
2020-04-23,East,Phone,Office,283.0,54.3802228828797,22441.0,123318.0,-100877.0
2020-04-24,South,Smartwatch,Accessories,386.0,55.20072355759297,35716.0,238307.0,-202591.0
2020-04-25,South,Tablet,Accessories,17.0,,67175.0,188282.0,-121107.0
2020-04-26,West,Printer,Home,307.0,17.795248034668177,11834.0,184026.0,-172192.0
2020-04-27,East,Printer,Home,560.0,60.3458860088162,266609.0,112145.0,154464.0
2020-04-28,South,Monitor,Office,621.0,62.541042576338555,23179.0,143916.0,-120737.0
2020-04-29,Central,Laptop,Accessories,,13.590688763298434,293363.0,206202.0,87161.0
2020-04-30,North,Camera,Electronics,158.0,9.131894558597574,108153.0,14418.0,93735.0
2020-05-01,North,Laptop,Home,758.0,68.29234780123784,151854.0,166926.0,-15072.0
2020-05-02,East,Smartwatch,Accessories,185.0,60.78267745552575,258975.0,220716.0,38259.0
2020-05-03,West,Laptop,Electronics,530.0,62.52653030469627,79967.0,208027.0,-128060.0
2020-05-04,Central,Tablet,Electronics,184.0,62.04634692370766,14496.0,89075.0,-74579.0
2020-05-05,East,Tablet,Accessories,381.0,37.91807768236099,224939.0,241978.0,-17039.0
2020-05-06,North,Headphones,Home,780.0,45.24812156660598,175310.0,176022.0,-712.0
2020-05-07,East,Smartwatch,Accessories,172.0,38.175399649354915,51025.0,66227.0,-15202.0
2020-05-08,Central,Laptop,Home,,3.5844444433230347,,144907.0,120374.0
2020-05-09,South,Printer,Office,154.0,52.18521597469409,270856.0,18533.0,252323.0
2020-05-10,Central,Printer,Accessories,,35.37324233351162,37664.0,246822.0,-209158.0
2020-05-11,South,Smartwatch,Accessories,95.0,45.33963523531608,246871.0,227123.0,19748.0
2020-05-12,South,Laptop,Home,124.0,35.18478634828747,148492.0,102457.0,46035.0
2020-05-13,South,Tablet,Home,257.0,34.42679256257192,272459.0,108504.0,163955.0
2020-05-14,East,Tablet,Accessories,64.0,12.025237663443678,230648.0,219930.0,10718.0
2020-05-15,North,Headphones,Electronics,270.0,,122862.0,142295.0,-19433.0
2020-05-16,East,Headphones,Electronics,413.0,11.119688436076906,,125202.0,-41172.0
2020-05-17,North,Phone,Electronics,35.0,13.69664069377397,68910.0,11273.0,57637.0
2020-05-18,Central,Smartwatch,Office,25.0,68.10841662942134,233360.0,34519.0,198841.0
2020-05-19,West,Monitor,Office,735.0,10.71794120405389,226965.0,156232.0,70733.0
2020-05-20,Central,Laptop,Home,597.0,18.848929701364536,217360.0,128024.0,89336.0
2020-05-21,East,Smartwatch,Office,293.0,41.34127604170095,46598.0,206457.0,-159859.0
2020-05-22,East,Printer,Electronics,,42.71250033656493,31296.0,125540.0,-94244.0
2020-05-23,North,Laptop,Accessories,502.0,10.778189082068035,154138.0,247460.0,-93322.0
2020-05-24,East,Headphones,Office,750.0,55.56021980496486,164964.0,223264.0,-58300.0
2020-05-25,South,Headphones,Office,478.0,54.96420075389775,80577.0,181060.0,-100483.0
2020-05-26,East,Phone,Electronics,409.0,16.612239294272378,210662.0,142420.0,68242.0
2020-05-27,North,Monitor,Office,552.0,20.20664118728223,82173.0,84460.0,-2287.0
2020-05-28,North,Phone,Home,136.0,,69771.0,249792.0,-180021.0
2020-05-29,South,Printer,Accessories,328.0,57.797001218563466,104074.0,105471.0,-1397.0
2020-05-30,North,Monitor,Electronics,136.0,48.845792314376666,162110.0,105668.0,56442.0
2020-05-31,West,Camera,Home,525.0,5.756325505742037,41622.0,68519.0,-26897.0
2020-06-01,Central,Laptop,Electronics,34.0,29.2784856631803,,91426.0,54547.0
2020-06-02,East,Phone,Home,631.0,39.151131045377895,87910.0,15629.0,72281.0
2020-06-03,West,Headphones,Accessories,305.0,13.118790158864385,185934.0,50056.0,135878.0
2020-06-04,East,Phone,Accessories,8.0,31.375860747575718,168878.0,12273.0,156605.0
2020-06-05,West,Camera,Home,329.0,42.0718114242083,153731.0,121484.0,32247.0
2020-06-06,East,Phone,Home,513.0,22.916367608077945,159525.0,98275.0,61250.0
2020-06-07,South,Laptop,Home,241.0,54.666137326534106,283456.0,172488.0,110968.0
2020-06-08,North,Camera,Home,539.0,58.83147071471638,268580.0,139966.0,128614.0
2020-06-09,North,Smartwatch,Home,,22.652662860384954,294713.0,47073.0,247640.0
2020-06-10,South,Smartwatch,Home,538.0,58.706000814472,121787.0,46693.0,75094.0
2020-06-11,West,Smartwatch,Accessories,588.0,7.2503596272110515,95485.0,183538.0,-88053.0
2020-06-12,Central,Headphones,Home,450.0,58.64103690358594,182058.0,25343.0,156715.0
2020-06-13,West,Headphones,Office,507.0,10.69253021673316,189249.0,44095.0,145154.0
2020-06-14,North,Smartwatch,Accessories,234.0,5.804900675680823,37646.0,163246.0,-125600.0
2020-06-15,Central,Smartwatch,Electronics,111.0,44.92427831087078,81126.0,182873.0,-101747.0
2020-06-16,East,Smartwatch,Accessories,724.0,33.0356156028706,122922.0,123388.0,-466.0
2020-06-17,Central,Tablet,Electronics,,63.552342028898295,260217.0,241787.0,18430.0
2020-06-18,West,Smartwatch,Electronics,724.0,25.423243726359445,73659.0,204508.0,-130849.0
2020-06-19,South,Camera,Office,,20.100658440634007,120341.0,115441.0,4900.0
2020-06-20,East,Tablet,Home,567.0,,9158.0,201408.0,-192250.0
2020-06-21,West,Tablet,Home,69.0,31.91623300380629,79236.0,101782.0,-22546.0
2020-06-22,East,Laptop,Accessories,269.0,24.10996323520318,81067.0,240343.0,-159276.0
2020-06-23,Central,Phone,Home,342.0,,163810.0,174998.0,-11188.0
2020-06-24,North,Headphones,Office,305.0,53.169328373973585,14879.0,73590.0,-58711.0
2020-06-25,West,Headphones,Accessories,382.0,59.708877832109565,141615.0,170899.0,-29284.0
2020-06-26,South,Phone,Accessories,179.0,68.099962329724,117284.0,109263.0,8021.0
2020-06-27,Central,Headphones,Accessories,156.0,18.66593344927531,183996.0,176847.0,7149.0
2020-06-28,West,Phone,Home,480.0,50.1265437742973,215190.0,173273.0,41917.0
2020-06-29,South,Camera,Home,270.0,27.598076484702165,48888.0,30373.0,18515.0
2020-06-30,West,Laptop,Home,333.0,,297420.0,28525.0,268895.0
2020-07-01,Central,Smartwatch,Accessories,167.0,33.31871832444542,9799.0,128716.0,-118917.0
2020-07-02,West,Laptop,Accessories,442.0,69.56411719375521,229842.0,105513.0,124329.0
2020-07-03,East,Printer,Electronics,347.0,51.02314950535249,95141.0,204723.0,-109582.0
2020-07-04,Central,Laptop,Electronics,,66.67439103040272,298812.0,130401.0,168411.0
2020-07-05,West,Phone,Home,469.0,58.447868463683,140183.0,97643.0,42540.0
2020-07-06,North,Printer,Accessories,754.0,63.203070781435976,208623.0,162558.0,46065.0
2020-07-07,West,Phone,Home,203.0,57.00934380502724,,210676.0,-189186.0
2020-07-08,East,Smartwatch,Home,504.0,,255138.0,150712.0,104426.0
2020-07-09,South,Monitor,Electronics,20.0,17.625191734281906,122219.0,98694.0,23525.0
2020-07-10,South,Printer,Office,,25.922412281536555,49104.0,193527.0,-144423.0
2020-07-11,South,Smartwatch,Home,515.0,,10316.0,37136.0,-26820.0
2020-07-12,North,Smartwatch,Office,792.0,36.6795217225267,43130.0,194497.0,-151367.0
2020-07-13,East,Headphones,Office,243.0,35.35404601892861,297098.0,57539.0,239559.0
2020-07-14,Central,Headphones,Accessories,585.0,36.767532538134176,150250.0,213736.0,-63486.0
2020-07-15,South,Monitor,Accessories,305.0,68.18218574804447,187235.0,157014.0,30221.0
2020-07-16,East,Monitor,Home,10.0,63.80178024183875,68165.0,69363.0,-1198.0
2020-07-17,West,Laptop,Electronics,224.0,11.31989448310756,201511.0,190668.0,10843.0
2020-07-18,North,Smartwatch,Electronics,770.0,25.821776508912244,240605.0,82526.0,158079.0
2020-07-19,East,Monitor,Home,457.0,29.676932562428334,71775.0,36255.0,35520.0
2020-07-20,East,Phone,Home,437.0,25.23730424961534,58149.0,194201.0,-136052.0
2020-07-21,Central,Smartwatch,Electronics,390.0,55.894717452273916,,217595.0,-121885.0
2020-07-22,East,Tablet,Office,623.0,36.68263689073108,97199.0,119209.0,-22010.0
2020-07-23,Central,Phone,Home,,40.04698718801375,170024.0,243723.0,-73699.0
2020-07-24,North,Printer,Office,122.0,59.710949129154784,32326.0,194358.0,-162032.0
2020-07-25,North,Monitor,Home,409.0,56.4149707390751,36139.0,87437.0,-51298.0
2020-07-26,West,Headphones,Home,684.0,9.254806597420979,198175.0,148349.0,49826.0
2020-07-27,Central,Phone,Office,,49.9740208858544,196929.0,133715.0,63214.0
2020-07-28,Central,Headphones,Office,598.0,30.480529023142488,17937.0,116900.0,-98963.0
2020-07-29,South,Phone,Electronics,570.0,20.625423214375033,263006.0,24729.0,238277.0
2020-07-30,South,Headphones,Home,756.0,3.501317463153044,297305.0,218695.0,78610.0
2020-07-31,West,Camera,Accessories,16.0,34.10746922418157,150807.0,22818.0,127989.0
2020-08-01,North,Phone,Accessories,213.0,24.880567650717197,64919.0,66555.0,-1636.0
2020-08-02,South,Printer,Home,169.0,17.605912777348056,171730.0,99979.0,71751.0
2020-08-03,East,Headphones,Home,298.0,48.62702107178703,296840.0,54629.0,242211.0
2020-08-04,North,Tablet,Home,523.0,53.86397711209109,,116296.0,23549.0
2020-08-05,East,Printer,Office,82.0,17.135266332059736,29956.0,56438.0,-26482.0
2020-08-06,Central,Laptop,Accessories,438.0,3.461320567554308,282963.0,246821.0,36142.0
2020-08-07,North,Phone,Accessories,581.0,59.41268903956645,268672.0,10457.0,258215.0
2020-08-08,West,Tablet,Accessories,618.0,0.6971818843012323,91491.0,191701.0,-100210.0
2020-08-09,Central,Laptop,Home,,,49588.0,34922.0,14666.0
2020-08-10,Central,Phone,Office,81.0,43.933391178789414,206657.0,141892.0,64765.0
2020-08-11,East,Tablet,Home,52.0,22.52926446409242,104152.0,164822.0,-60670.0
2020-08-12,Central,Tablet,Electronics,771.0,17.253453670371535,132872.0,109122.0,23750.0
2020-08-13,South,Printer,Electronics,86.0,0.6303964985132671,277263.0,103020.0,174243.0
2020-08-14,North,Camera,Accessories,725.0,16.4829991907614,21167.0,235618.0,-214451.0
2020-08-15,South,Tablet,Home,213.0,9.640981106199877,192575.0,169862.0,22713.0
2020-08-16,East,Camera,Electronics,449.0,42.85163545062019,115782.0,89405.0,26377.0
2020-08-17,East,Monitor,Electronics,600.0,11.658191201566092,135775.0,117130.0,18645.0
2020-08-18,North,Printer,Home,526.0,37.00408862756335,39889.0,166493.0,-126604.0
2020-08-19,Central,Smartwatch,Office,33.0,41.30814956411296,231406.0,69038.0,162368.0
2020-08-20,West,Headphones,Home,308.0,20.862918884284017,65262.0,214273.0,-149011.0
2020-08-21,East,Printer,Home,469.0,2.4545464313103094,140753.0,63325.0,77428.0
2020-08-22,North,Laptop,Office,506.0,2.607771642993727,85291.0,26600.0,58691.0
2020-08-23,West,Headphones,Accessories,450.0,,71008.0,161466.0,-90458.0
2020-08-24,Central,Headphones,Accessories,632.0,51.738726699558235,252547.0,211694.0,40853.0
2020-08-25,East,Smartwatch,Accessories,494.0,22.26067933700087,234489.0,168243.0,66246.0
2020-08-26,North,Camera,Office,785.0,55.74101301773645,293056.0,231611.0,61445.0
2020-08-27,North,Smartwatch,Electronics,432.0,30.22129766899944,273617.0,62526.0,211091.0
2020-08-28,North,Smartwatch,Office,,31.70986705809747,177370.0,14149.0,163221.0
2020-08-29,East,Headphones,Home,363.0,35.901782175670164,105956.0,162466.0,-56510.0
2020-08-30,West,Tablet,Office,95.0,49.91220194625727,199499.0,146468.0,53031.0
2020-08-31,North,Camera,Electronics,57.0,19.145200608079495,198073.0,155396.0,42677.0
2020-09-01,Central,Headphones,Electronics,734.0,8.511114467346882,197796.0,179270.0,18526.0
2020-09-02,North,Camera,Home,593.0,38.924013463402304,277976.0,214777.0,63199.0
2020-09-03,West,Monitor,Accessories,208.0,22.88843362699175,150780.0,113168.0,37612.0
2020-09-04,East,Camera,Electronics,560.0,30.974391956762616,196134.0,245882.0,-49748.0
2020-09-05,North,Phone,Electronics,160.0,45.28626958361138,,110813.0,-94811.0
2020-09-06,North,Tablet,Electronics,6.0,34.58880187988894,37556.0,92779.0,-55223.0
2020-09-07,Central,Laptop,Home,361.0,43.419517197059,72963.0,163088.0,-90125.0
2020-09-08,Central,Phone,Electronics,573.0,,226746.0,135266.0,91480.0
2020-09-09,North,Phone,Accessories,62.0,51.78574603552694,11563.0,33398.0,-21835.0
2020-09-10,North,Smartwatch,Home,,49.415563239813395,215995.0,5789.0,210206.0
2020-09-11,Central,Smartwatch,Accessories,184.0,37.393292426603345,272984.0,217767.0,55217.0
2020-09-12,West,Phone,Electronics,497.0,47.52321146017948,20154.0,65967.0,-45813.0
2020-09-13,South,Headphones,Electronics,673.0,61.149172159082894,29194.0,241014.0,-211820.0
2020-09-14,South,Camera,Accessories,39.0,30.2589901451718,201092.0,193206.0,7886.0
2020-09-15,North,Camera,Home,79.0,28.893415092415555,182933.0,202958.0,-20025.0
2020-09-16,Central,Printer,Home,293.0,53.49719345966661,,99837.0,58683.0
2020-09-17,East,Headphones,Accessories,375.0,40.778768592939585,290672.0,157049.0,133623.0
2020-09-18,East,Tablet,Electronics,591.0,4.970474615581199,271496.0,102967.0,168529.0
2020-09-19,South,Headphones,Office,333.0,62.44784109837569,267328.0,132201.0,135127.0
2020-09-20,West,Headphones,Accessories,594.0,2.1548171566348095,281463.0,60683.0,220780.0
2020-09-21,South,Headphones,Accessories,771.0,52.38774493468202,125497.0,46331.0,79166.0
2020-09-22,North,Tablet,Accessories,781.0,53.1155899893019,156521.0,249719.0,-93198.0
2020-09-23,West,Printer,Electronics,308.0,66.71777596973513,15426.0,35626.0,-20200.0
2020-09-24,East,Tablet,Home,583.0,3.789408588162453,274648.0,180575.0,94073.0
2020-09-25,Central,Monitor,Electronics,225.0,,194281.0,159621.0,34660.0
2020-09-26,Central,Printer,Accessories,168.0,29.948839943893706,121775.0,13342.0,108433.0
2020-09-27,North,Monitor,Electronics,484.0,23.144306840167943,38368.0,37417.0,951.0
2020-09-28,South,Monitor,Electronics,459.0,,247625.0,208586.0,39039.0
2020-09-29,North,Monitor,Accessories,379.0,39.38578837699164,108841.0,184321.0,-75480.0
2020-09-30,Central,Camera,Electronics,224.0,,216293.0,53664.0,162629.0
2020-10-01,East,Phone,Office,688.0,,261083.0,235236.0,25847.0
2020-10-02,Central,Phone,Electronics,258.0,42.874265496795836,13724.0,239788.0,-226064.0
2020-10-03,West,Monitor,Electronics,726.0,51.65671841770569,170882.0,9833.0,161049.0
2020-10-04,Central,Monitor,Home,,53.70948107375538,83872.0,61658.0,22214.0
2020-10-05,Central,Laptop,Home,195.0,63.376123178369916,75333.0,244511.0,-169178.0
2020-10-06,West,Smartwatch,Accessories,393.0,28.662951932214405,204915.0,231099.0,-26184.0
2020-10-07,South,Phone,Accessories,219.0,66.71509380354959,234176.0,161545.0,72631.0
2020-10-08,Central,Smartwatch,Home,379.0,60.580058355788026,7596.0,132809.0,-125213.0
2020-10-09,North,Smartwatch,Office,90.0,,284311.0,95965.0,188346.0
2020-10-10,Central,Laptop,Electronics,478.0,11.149812614462093,92844.0,178719.0,-85875.0
2020-10-11,North,Smartwatch,Office,622.0,30.47725772896094,253139.0,65054.0,188085.0
2020-10-12,West,Printer,Office,535.0,28.132909556917664,94751.0,2299.0,92452.0
2020-10-13,Central,Laptop,Home,51.0,40.3003513731843,134817.0,195353.0,-60536.0
2020-10-14,West,Smartwatch,Accessories,69.0,40.83703626294236,85520.0,66875.0,18645.0
2020-10-15,West,Smartwatch,Electronics,479.0,52.49908890659827,63326.0,164992.0,-101666.0
2020-10-16,South,Headphones,Accessories,150.0,35.69229637439271,82670.0,186908.0,-104238.0
2020-10-17,Central,Smartwatch,Office,386.0,7.337584865853588,146854.0,174453.0,-27599.0
2020-10-18,North,Camera,Office,70.0,60.08039348871743,178074.0,244131.0,-66057.0
2020-10-19,North,Printer,Accessories,521.0,21.683520822963096,223259.0,115286.0,107973.0
2020-10-20,Central,Tablet,Accessories,97.0,67.99082222146144,29022.0,217043.0,-188021.0
2020-10-21,South,Phone,Home,,8.25020760758391,89458.0,99730.0,-10272.0
2020-10-22,South,Monitor,Accessories,472.0,,153317.0,57298.0,96019.0
2020-10-23,South,Smartwatch,Accessories,98.0,6.370826481776188,88796.0,156581.0,-67785.0
2020-10-24,North,Printer,Home,622.0,16.172529656294163,115704.0,122035.0,-6331.0
2020-10-25,West,Monitor,Accessories,137.0,3.2605959460579115,227869.0,174167.0,53702.0
2020-10-26,South,Tablet,Office,438.0,49.35792026472964,34533.0,183596.0,-149063.0
2020-10-27,North,Printer,Accessories,345.0,59.520911560025425,237033.0,110825.0,126208.0
2020-10-28,North,Phone,Electronics,318.0,30.38497572711863,154388.0,116637.0,37751.0
2020-10-29,West,Printer,Office,595.0,64.99654525297008,144771.0,198981.0,-54210.0
2020-10-30,Central,Monitor,Home,216.0,,215563.0,73618.0,141945.0
2020-10-31,Central,Monitor,Office,524.0,44.10049948125663,132441.0,26532.0,105909.0
2020-11-01,South,Headphones,Home,163.0,59.179344119053894,105960.0,109197.0,-3237.0
2020-11-02,South,Smartwatch,Electronics,272.0,20.776014353628725,63465.0,131860.0,-68395.0
2020-11-03,West,Laptop,Electronics,665.0,24.798600492933804,152745.0,61285.0,91460.0
2020-11-04,South,Printer,Office,607.0,63.416634343625105,290539.0,19866.0,270673.0
2020-11-05,West,Monitor,Accessories,,63.06744472271347,109162.0,139665.0,-30503.0
2020-11-06,North,Camera,Office,478.0,68.35379433406096,135704.0,10495.0,125209.0
2020-11-07,South,Phone,Office,414.0,63.12868215091698,159779.0,247130.0,-87351.0
2020-11-08,North,Camera,Electronics,478.0,8.916042522335262,80937.0,8837.0,72100.0
2020-11-09,East,Tablet,Home,360.0,57.660700029589115,,208780.0,-74133.0
2020-11-10,West,Printer,Office,684.0,28.688693467671584,125650.0,150752.0,-25102.0
2020-11-11,East,Headphones,Accessories,197.0,69.35609491621565,222804.0,187548.0,35256.0
2020-11-12,South,Phone,Electronics,703.0,33.05966750301607,192488.0,31346.0,161142.0
2020-11-13,North,Headphones,Office,275.0,38.76852577515544,144830.0,109621.0,35209.0
2020-11-14,South,Laptop,Office,118.0,37.084244067975895,72009.0,24412.0,47597.0
2020-11-15,East,Monitor,Accessories,527.0,22.521592090079444,264188.0,220471.0,43717.0
2020-11-16,South,Smartwatch,Office,,5.251546222504272,,119833.0,130507.0
2020-11-17,Central,Phone,Office,774.0,62.695586128134295,37548.0,162876.0,-125328.0
2020-11-18,East,Tablet,Office,69.0,56.187306876840076,23371.0,66206.0,-42835.0
2020-11-19,South,Smartwatch,Office,688.0,9.76687463917685,155716.0,11934.0,143782.0
2020-11-20,North,Printer,Accessories,276.0,54.3737789945051,229731.0,31723.0,198008.0
2020-11-21,South,Laptop,Office,506.0,43.8092666235427,159946.0,128968.0,30978.0
2020-11-22,North,Laptop,Office,666.0,28.64006515423356,19281.0,152477.0,-133196.0
2020-11-23,Central,Headphones,Office,366.0,17.781480436689392,256060.0,150820.0,105240.0
2020-11-24,South,Laptop,Electronics,150.0,60.18101484515627,105020.0,202838.0,-97818.0
2020-11-25,Central,Phone,Accessories,213.0,49.01317815058371,112508.0,178485.0,-65977.0
2020-11-26,East,Headphones,Electronics,290.0,38.34179366283958,71846.0,154426.0,-82580.0
2020-11-27,North,Smartwatch,Electronics,14.0,42.66979737289249,296456.0,206562.0,89894.0
2020-11-28,East,Laptop,Accessories,,6.374632745752669,271401.0,122988.0,148413.0
2020-11-29,North,Printer,Electronics,190.0,33.17438326378343,,220747.0,-189189.0
2020-11-30,Central,Smartwatch,Electronics,578.0,13.55902049499914,48188.0,242630.0,-194442.0
2020-12-01,West,Tablet,Electronics,,14.586857530617776,149084.0,149460.0,-376.0
2020-12-02,South,Printer,Accessories,468.0,46.29127736008067,38236.0,237433.0,-199197.0
2020-12-03,Central,Camera,Office,138.0,63.78793062840017,50076.0,37523.0,12553.0
2020-12-04,North,Phone,Home,175.0,28.262962733484258,168148.0,102150.0,65998.0
2020-12-05,North,Tablet,Home,217.0,14.542449110853326,85337.0,121950.0,-36613.0
2020-12-06,North,Tablet,Accessories,534.0,45.412285606565796,120827.0,189765.0,-68938.0
2020-12-07,North,Headphones,Home,506.0,60.983093244522244,79264.0,167804.0,-88540.0
2020-12-08,South,Monitor,Accessories,576.0,52.382316078574355,284479.0,42646.0,241833.0
2020-12-09,East,Headphones,Accessories,604.0,60.8130061375611,258772.0,153093.0,105679.0
2020-12-10,West,Phone,Home,31.0,37.55882697075595,48773.0,225310.0,-176537.0
2020-12-11,South,Phone,Electronics,72.0,52.63133710584336,188230.0,243024.0,-54794.0
2020-12-12,North,Headphones,Office,794.0,9.804519155125552,295714.0,233131.0,62583.0
2020-12-13,South,Monitor,Home,412.0,24.379223075423404,92995.0,53776.0,39219.0
2020-12-14,Central,Printer,Home,,27.26844151370657,,20116.0,25542.0
2020-12-15,North,Headphones,Home,,35.79070223722242,203579.0,204081.0,-502.0
2020-12-16,West,Phone,Home,78.0,65.03534521797766,,113858.0,67802.0
2020-12-17,North,Monitor,Accessories,582.0,61.200759215552196,256953.0,220343.0,36610.0
2020-12-18,West,Phone,Accessories,684.0,9.416784460242917,73582.0,232069.0,-158487.0
2020-12-19,West,Monitor,Office,266.0,12.095275631772424,197815.0,77620.0,120195.0
2020-12-20,East,Monitor,Office,372.0,25.034838471223793,148775.0,176843.0,-28068.0
2020-12-21,East,Smartwatch,Home,790.0,20.352070612347173,54456.0,160828.0,-106372.0
2020-12-22,South,Headphones,Home,241.0,43.03396672093836,,83604.0,-23113.0
2020-12-23,South,Headphones,Home,731.0,63.19432334351814,275187.0,95452.0,179735.0
2020-12-24,West,Headphones,Office,370.0,67.36040791708108,245003.0,134991.0,110012.0
2020-12-25,North,Monitor,Home,290.0,45.75220667746586,146248.0,24550.0,121698.0
2020-12-26,Central,Monitor,Electronics,382.0,58.67114409807607,36174.0,168596.0,-132422.0
2020-12-27,Central,Phone,Office,665.0,36.7641540161558,113177.0,186678.0,-73501.0
2020-12-28,North,Tablet,Electronics,380.0,14.58288628020278,30909.0,200891.0,-169982.0
2020-12-29,North,Headphones,Home,,36.72818884654342,49158.0,71227.0,-22069.0
2020-12-30,East,Smartwatch,Accessories,657.0,38.85578210063558,144438.0,24212.0,120226.0
2020-12-31,Central,Camera,Electronics,80.0,51.97202949494896,221197.0,41118.0,180079.0
2021-01-01,West,Phone,Office,13.0,15.391809279514437,,29602.0,160807.0
2021-01-02,South,Phone,Electronics,200.0,25.78172674607122,266484.0,18540.0,247944.0
2021-01-03,East,Laptop,Office,796.0,25.481922845019643,248990.0,167901.0,81089.0
2021-01-04,Central,Headphones,Home,634.0,67.16077170188154,208114.0,188381.0,19733.0
2021-01-05,North,Printer,Electronics,294.0,31.076147222870325,153530.0,197475.0,-43945.0
2021-01-06,Central,Phone,Accessories,65.0,,92367.0,72455.0,19912.0
2021-01-07,West,Laptop,Electronics,393.0,52.55679669621073,79319.0,23277.0,56042.0
2021-01-08,East,Camera,Accessories,567.0,18.588092936226897,278314.0,120133.0,158181.0
2021-01-09,North,Smartwatch,Office,568.0,40.030878256021246,124952.0,191745.0,-66793.0
2021-01-10,West,Camera,Home,638.0,62.601202532305365,85145.0,149748.0,-64603.0
2021-01-11,South,Printer,Home,683.0,33.26384036198646,267139.0,174916.0,92223.0
2021-01-12,East,Headphones,Accessories,12.0,66.15822551397822,224643.0,196780.0,27863.0
2021-01-13,West,Monitor,Office,373.0,15.012076052691311,283352.0,10752.0,272600.0
2021-01-14,West,Laptop,Home,49.0,5.191137404182151,171250.0,213620.0,-42370.0
2021-01-15,North,Monitor,Office,348.0,62.40177112013245,215244.0,206783.0,8461.0
2021-01-16,South,Camera,Accessories,761.0,59.33768385735517,145111.0,172742.0,-27631.0
2021-01-17,West,Camera,Accessories,379.0,69.48129131536913,19990.0,199675.0,-179685.0
2021-01-18,East,Tablet,Electronics,623.0,47.55754416786982,142513.0,163550.0,-21037.0
2021-01-19,West,Tablet,Home,31.0,65.56815486670047,134327.0,158511.0,-24184.0
2021-01-20,Central,Smartwatch,Home,197.0,57.886431755887756,294006.0,166819.0,127187.0
2021-01-21,East,Printer,Electronics,361.0,59.10984331840608,135223.0,248496.0,-113273.0
2021-01-22,East,Tablet,Accessories,66.0,39.83990993179878,271100.0,126332.0,144768.0
2021-01-23,West,Tablet,Accessories,66.0,26.76552185416976,208161.0,161882.0,46279.0
2021-01-24,North,Printer,Accessories,426.0,65.41906507802973,122782.0,19302.0,103480.0
2021-01-25,East,Phone,Accessories,798.0,30.248202293112612,269509.0,67236.0,202273.0
2021-01-26,Central,Tablet,Office,637.0,37.717355707476834,57499.0,65467.0,-7968.0
2021-01-27,North,Phone,Home,796.0,31.228001498763142,262023.0,103350.0,158673.0
2021-01-28,North,Phone,Home,555.0,39.537281977213794,148979.0,166913.0,-17934.0
2021-01-29,North,Headphones,Accessories,384.0,32.9353555294629,153408.0,176785.0,-23377.0
2021-01-30,East,Phone,Accessories,281.0,3.3577291005633114,188403.0,181618.0,6785.0
2021-01-31,North,Phone,Accessories,610.0,61.743373020538904,206023.0,4048.0,201975.0
2021-02-01,West,Tablet,Home,,31.107567324103886,188581.0,165362.0,23219.0
2021-02-02,North,Phone,Home,119.0,41.22605539551441,273616.0,59906.0,213710.0
2021-02-03,Central,Monitor,Accessories,692.0,9.743146193059092,163352.0,77637.0,85715.0
2021-02-04,South,Printer,Office,125.0,0.23714935878473953,157931.0,30778.0,127153.0
2021-02-05,Central,Tablet,Electronics,529.0,17.170306555055006,235413.0,159497.0,75916.0
2021-02-06,East,Printer,Electronics,420.0,49.32102224933452,144334.0,239117.0,-94783.0
2021-02-07,North,Laptop,Electronics,167.0,,151626.0,215460.0,-63834.0
2021-02-08,North,Tablet,Home,791.0,63.62212082705275,12008.0,121918.0,-109910.0
2021-02-09,West,Phone,Home,692.0,15.051579854932921,85799.0,91036.0,-5237.0
2021-02-10,North,Monitor,Electronics,341.0,14.321553000424306,283382.0,190248.0,93134.0
2021-02-11,Central,Printer,Electronics,383.0,12.705557313504686,240018.0,144746.0,95272.0
2021-02-12,East,Tablet,Office,328.0,0.9787199079955322,284297.0,194474.0,89823.0
2021-02-13,South,Monitor,Home,177.0,54.02638279347642,64353.0,220803.0,-156450.0
2021-02-14,North,Printer,Home,791.0,,57092.0,248181.0,-191089.0
2021-02-15,South,Laptop,Electronics,68.0,42.99138918313392,248907.0,221979.0,26928.0
2021-02-16,North,Camera,Office,105.0,13.173998717590361,179224.0,165125.0,14099.0
2021-02-17,East,Smartwatch,Office,326.0,19.96945978586158,54104.0,249505.0,-195401.0
2021-02-18,Central,Smartwatch,Electronics,70.0,33.31486881554743,160355.0,12957.0,147398.0
2021-02-19,East,Laptop,Electronics,561.0,66.80421661363106,224606.0,73644.0,150962.0
2021-02-20,South,Camera,Home,603.0,17.314596027241997,33887.0,185688.0,-151801.0
2021-02-21,North,Headphones,Electronics,462.0,51.21521327439216,271499.0,114294.0,157205.0
2021-02-22,South,Camera,Accessories,583.0,30.76137563050442,177606.0,18829.0,158777.0
2021-02-23,Central,Headphones,Office,457.0,20.849314385201527,,6837.0,249583.0
2021-02-24,East,Tablet,Electronics,263.0,31.91411559154796,76442.0,196213.0,-119771.0
2021-02-25,South,Headphones,Accessories,721.0,4.984470227886277,17279.0,147104.0,-129825.0
2021-02-26,South,Smartwatch,Office,430.0,55.908115965125376,179563.0,100770.0,78793.0
2021-02-27,Central,Smartwatch,Accessories,182.0,17.031134958807698,,27352.0,98386.0
2021-02-28,North,Monitor,Accessories,,50.77884862350793,144333.0,31215.0,113118.0
2021-03-01,South,Headphones,Electronics,348.0,4.784386001373631,140546.0,188391.0,-47845.0
2021-03-02,Central,Monitor,Office,,66.85689893159802,96414.0,206714.0,-110300.0
2021-03-03,North,Smartwatch,Accessories,300.0,13.511048978398904,295534.0,42247.0,253287.0
2021-03-04,North,Printer,Home,206.0,61.79194533449563,225079.0,226374.0,-1295.0
2021-03-05,East,Printer,Office,688.0,56.66312467308041,9787.0,130692.0,-120905.0
2021-03-06,Central,Camera,Home,778.0,67.75019468569911,247951.0,175120.0,72831.0
2021-03-07,North,Camera,Electronics,198.0,33.452346266202476,209470.0,236308.0,-26838.0
2021-03-08,East,Camera,Home,153.0,50.917810569216606,194249.0,207604.0,-13355.0
2021-03-09,West,Headphones,Office,379.0,25.949745992644885,15663.0,67714.0,-52051.0
2021-03-10,Central,Camera,Accessories,39.0,12.905776661378567,158812.0,36319.0,122493.0
2021-03-11,West,Headphones,Accessories,373.0,31.015315305341417,138107.0,120058.0,18049.0
2021-03-12,North,Headphones,Office,33.0,11.602431077191842,105271.0,17025.0,88246.0
2021-03-13,Central,Phone,Accessories,779.0,68.74312359504688,,10780.0,61608.0
2021-03-14,East,Phone,Home,225.0,6.737254379850146,57335.0,23706.0,33629.0
2021-03-15,North,Headphones,Accessories,57.0,41.244820641683425,48315.0,174988.0,-126673.0
2021-03-16,Central,Printer,Accessories,795.0,43.85246986778391,54334.0,76503.0,-22169.0
2021-03-17,Central,Monitor,Home,357.0,37.6655680011838,191964.0,162928.0,29036.0
2021-03-18,West,Smartwatch,Home,396.0,46.35301199982835,197268.0,104166.0,93102.0
2021-03-19,North,Smartwatch,Home,80.0,8.132654250832367,44726.0,10179.0,34547.0
2021-03-20,East,Tablet,Electronics,498.0,38.851296694370376,211823.0,170695.0,41128.0
2021-03-21,East,Laptop,Home,692.0,,185678.0,149659.0,36019.0
2021-03-22,North,Phone,Home,526.0,65.81232443107396,253045.0,155805.0,97240.0
2021-03-23,North,Headphones,Electronics,121.0,53.3450157407808,297838.0,220378.0,77460.0
2021-03-24,South,Laptop,Accessories,284.0,68.07601375118199,167325.0,100423.0,66902.0
2021-03-25,West,Phone,Home,734.0,2.628924881813268,160302.0,124076.0,36226.0
2021-03-26,North,Tablet,Office,179.0,19.959322262649607,190046.0,136047.0,53999.0
2021-03-27,North,Smartwatch,Home,750.0,13.67958106468443,273177.0,210527.0,62650.0
2021-03-28,South,Monitor,Home,768.0,0.780821111828135,67461.0,76138.0,-8677.0
2021-03-29,South,Headphones,Electronics,299.0,16.9628011172425,269809.0,177535.0,92274.0
2021-03-30,Central,Tablet,Office,455.0,47.51431884643002,294169.0,231668.0,62501.0
2021-03-31,East,Smartwatch,Accessories,522.0,16.1762245494198,288142.0,174226.0,113916.0
2021-04-01,West,Printer,Accessories,25.0,35.630241183783276,109493.0,207748.0,-98255.0
2021-04-02,Central,Phone,Office,77.0,62.1472680475499,290201.0,87706.0,202495.0
2021-04-03,North,Headphones,Home,40.0,48.563054424435265,84244.0,117905.0,-33661.0
2021-04-04,South,Laptop,Electronics,511.0,27.624034893422238,219680.0,29830.0,189850.0
2021-04-05,East,Printer,Office,237.0,26.072825723847583,,111076.0,95627.0
2021-04-06,Central,Smartwatch,Office,732.0,31.901506980593933,110887.0,204198.0,-93311.0
2021-04-07,East,Printer,Accessories,501.0,12.392900874193447,72173.0,178817.0,-106644.0
2021-04-08,South,Camera,Electronics,,44.38005371911917,216278.0,31609.0,184669.0
2021-04-09,Central,Monitor,Office,430.0,25.490697337322384,,18401.0,25333.0
2021-04-10,Central,Smartwatch,Electronics,48.0,59.66557444834306,67072.0,159801.0,-92729.0
2021-04-11,East,Printer,Home,95.0,52.95868620404714,239046.0,104480.0,134566.0
2021-04-12,South,Phone,Accessories,474.0,42.735921486451204,199855.0,119278.0,80577.0
2021-04-13,North,Monitor,Home,609.0,25.494155585466125,206811.0,177239.0,29572.0
2021-04-14,Central,Headphones,Electronics,471.0,14.695228217143907,223126.0,226253.0,-3127.0
2021-04-15,North,Camera,Home,458.0,54.3306304873936,188429.0,58391.0,130038.0
2021-04-16,South,Smartwatch,Accessories,599.0,34.04863692937606,,127543.0,17198.0
2021-04-17,Central,Tablet,Electronics,337.0,15.732502672415025,118272.0,129886.0,-11614.0
2021-04-18,Central,Monitor,Office,511.0,13.662223052800435,72902.0,95583.0,-22681.0
2021-04-19,North,Laptop,Home,798.0,11.578063315095132,61959.0,190243.0,-128284.0
2021-04-20,West,Phone,Accessories,474.0,54.40128373439165,101623.0,220168.0,-118545.0
2021-04-21,North,Smartwatch,Office,25.0,16.029102971021818,136438.0,138719.0,-2281.0
2021-04-22,North,Laptop,Accessories,232.0,36.86495844676382,53415.0,153178.0,-99763.0
2021-04-23,West,Monitor,Electronics,380.0,31.60824526811395,129716.0,7015.0,122701.0
2021-04-24,South,Smartwatch,Electronics,134.0,40.572762945979875,14907.0,22506.0,-7599.0
2021-04-25,South,Camera,Home,691.0,61.4008430259836,37780.0,246221.0,-208441.0
2021-04-26,Central,Tablet,Accessories,624.0,60.742317305721144,,25067.0,15018.0
2021-04-27,East,Tablet,Accessories,,31.575325027740174,287570.0,131819.0,155751.0
2021-04-28,East,Laptop,Accessories,799.0,1.0756375514306316,274629.0,248849.0,25780.0
2021-04-29,Central,Headphones,Electronics,75.0,29.851066400001223,234632.0,3056.0,231576.0
2021-04-30,East,Headphones,Home,408.0,42.433547619689826,261216.0,229327.0,31889.0
2021-05-01,North,Camera,Accessories,,39.043533136864326,251209.0,30328.0,220881.0
2021-05-02,North,Tablet,Accessories,611.0,45.59352740601439,96005.0,78712.0,17293.0
2021-05-03,West,Laptop,Office,795.0,,63528.0,53832.0,9696.0
2021-05-04,West,Laptop,Accessories,401.0,45.25745691465128,,43771.0,81860.0
2021-05-05,Central,Smartwatch,Home,341.0,12.785613312064056,294943.0,98421.0,196522.0
2021-05-06,Central,Smartwatch,Office,648.0,52.53667864877243,258786.0,218877.0,39909.0
2021-05-07,Central,Laptop,Office,509.0,23.7361329283876,186532.0,178587.0,7945.0
2021-05-08,North,Smartwatch,Office,280.0,49.69268033670175,150949.0,65538.0,85411.0
2021-05-09,East,Monitor,Electronics,17.0,3.350591923427496,264673.0,200722.0,63951.0
2021-05-10,Central,Smartwatch,Office,7.0,28.550201791363936,280087.0,211050.0,69037.0
2021-05-11,Central,Camera,Accessories,228.0,49.35241655843329,172856.0,41151.0,131705.0
2021-05-12,North,Headphones,Electronics,179.0,15.88093614320459,156527.0,133701.0,22826.0
2021-05-13,North,Headphones,Electronics,389.0,55.67009313580558,226099.0,84463.0,141636.0
2021-05-14,North,Monitor,Electronics,606.0,44.15458131734524,207520.0,97853.0,109667.0
2021-05-15,East,Phone,Electronics,245.0,41.129324050485884,32371.0,90432.0,-58061.0
2021-05-16,Central,Monitor,Electronics,551.0,24.748419794303597,103746.0,29155.0,74591.0
2021-05-17,South,Camera,Electronics,18.0,,106248.0,150360.0,-44112.0
2021-05-18,South,Laptop,Electronics,199.0,41.81445106844972,169238.0,51588.0,117650.0
2021-05-19,Central,Monitor,Office,,33.07234797404233,292871.0,219023.0,73848.0
2021-05-20,Central,Laptop,Home,435.0,48.88193267583921,119000.0,168157.0,-49157.0
2021-05-21,Central,Camera,Accessories,310.0,30.35878531748717,68969.0,12251.0,56718.0
2021-05-22,Central,Printer,Accessories,338.0,14.159122721942124,73531.0,103420.0,-29889.0
2021-05-23,East,Camera,Office,,14.975364796073308,44097.0,157646.0,-113549.0
2021-05-24,South,Tablet,Office,414.0,0.4062638190058765,171056.0,10623.0,160433.0
2021-05-25,West,Laptop,Electronics,7.0,21.06704008910707,55859.0,218544.0,-162685.0
2021-05-26,South,Headphones,Home,695.0,52.42423483349637,201300.0,55715.0,145585.0
2021-05-27,South,Monitor,Electronics,556.0,55.59138961863267,158222.0,7123.0,151099.0
2021-05-28,North,Printer,Office,456.0,14.172727946702501,236944.0,4061.0,232883.0
2021-05-29,Central,Camera,Electronics,680.0,67.13307978099854,61790.0,107393.0,-45603.0
2021-05-30,Central,Laptop,Accessories,751.0,,282792.0,103035.0,179757.0
2021-05-31,Central,Printer,Accessories,773.0,64.18851243129518,66779.0,40095.0,26684.0
2021-06-01,North,Phone,Electronics,499.0,49.47356973031418,,191690.0,-80319.0
2021-06-02,East,Tablet,Home,421.0,50.57033961156892,39593.0,160523.0,-120930.0
2021-06-03,East,Phone,Electronics,395.0,5.953053491424979,,82897.0,194062.0
2021-06-04,West,Camera,Electronics,377.0,15.399378882785147,167495.0,82443.0,85052.0
2021-06-05,East,Phone,Home,632.0,0.6170383306130844,288446.0,119005.0,169441.0
2021-06-06,East,Phone,Home,56.0,50.12893483337162,197136.0,35814.0,161322.0
2021-06-07,Central,Tablet,Home,380.0,24.110680189995698,222872.0,249904.0,-27032.0
2021-06-08,South,Tablet,Accessories,399.0,55.065676125344275,163907.0,86141.0,77766.0
2021-06-09,East,Smartwatch,Electronics,146.0,23.72553539559184,54282.0,229864.0,-175582.0
2021-06-10,East,Tablet,Office,90.0,57.353362660920276,133451.0,208940.0,-75489.0
2021-06-11,North,Printer,Home,468.0,9.148877762381911,188786.0,169904.0,18882.0
2021-06-12,West,Smartwatch,Home,50.0,12.136120973025573,203107.0,227084.0,-23977.0
2021-06-13,North,Tablet,Electronics,242.0,23.861357770875554,28814.0,141517.0,-112703.0
2021-06-14,Central,Phone,Office,14.0,28.59411722175913,160161.0,165562.0,-5401.0
2021-06-15,South,Headphones,Electronics,668.0,24.409196759008488,86673.0,30767.0,55906.0
2021-06-16,West,Headphones,Electronics,577.0,53.45529227662539,56940.0,47057.0,9883.0
2021-06-17,North,Smartwatch,Home,,6.786597483870029,91796.0,212818.0,-121022.0
2021-06-18,East,Tablet,Home,602.0,24.585191374694165,41476.0,221767.0,-180291.0
2021-06-19,East,Printer,Accessories,653.0,58.60679996608216,137841.0,205172.0,-67331.0
2021-06-20,West,Monitor,Office,746.0,4.675795408352039,183066.0,173115.0,9951.0
2021-06-21,East,Laptop,Office,,,282778.0,87755.0,195023.0
2021-06-22,North,Camera,Home,,69.0421789590409,241107.0,28946.0,212161.0
2021-06-23,North,Printer,Home,702.0,6.199772167755606,131259.0,168659.0,-37400.0
2021-06-24,East,Monitor,Home,182.0,20.38907655790159,184357.0,4364.0,179993.0
2021-06-25,East,Camera,Office,10.0,26.06804662247493,191571.0,201926.0,-10355.0
2021-06-26,Central,Monitor,Accessories,311.0,54.34739580569082,24420.0,188160.0,-163740.0
2021-06-27,South,Monitor,Office,552.0,41.714876848171365,161308.0,249540.0,-88232.0
2021-06-28,West,Smartwatch,Home,331.0,45.10559903447972,273362.0,78015.0,195347.0
2021-06-29,North,Headphones,Home,360.0,53.025687597295416,129283.0,139470.0,-10187.0
2021-06-30,West,Laptop,Accessories,797.0,8.258529960591801,210103.0,134524.0,75579.0
2021-07-01,Central,Monitor,Electronics,399.0,58.324661983718364,235461.0,88208.0,147253.0
2021-07-02,North,Tablet,Electronics,304.0,49.39338629261008,69057.0,124208.0,-55151.0
2021-07-03,Central,Camera,Office,530.0,40.41392076374592,212979.0,165265.0,47714.0
2021-07-04,Central,Printer,Electronics,753.0,62.28147343481397,219202.0,211473.0,7729.0
2021-07-05,East,Headphones,Electronics,289.0,49.0214447718665,147298.0,26345.0,120953.0
2021-07-06,West,Camera,Office,334.0,14.118997384171779,128108.0,243883.0,-115775.0
2021-07-07,West,Smartwatch,Home,54.0,30.082176675296672,277190.0,86895.0,190295.0
2021-07-08,East,Tablet,Electronics,777.0,34.58300068550133,251027.0,206407.0,44620.0
2021-07-09,West,Tablet,Home,626.0,3.8652338725283952,42117.0,191268.0,-149151.0
2021-07-10,East,Monitor,Office,713.0,,134980.0,155125.0,-20145.0
2021-07-11,North,Tablet,Home,382.0,9.000408255781494,214944.0,232500.0,-17556.0
2021-07-12,Central,Laptop,Home,768.0,48.82228870587088,193349.0,130022.0,63327.0
2021-07-13,Central,Smartwatch,Office,604.0,35.43617252636161,221451.0,215292.0,6159.0
2021-07-14,West,Tablet,Home,542.0,1.794257491909581,,137087.0,-114714.0
2021-07-15,South,Monitor,Electronics,778.0,64.73232331050532,50452.0,229273.0,-178821.0
2021-07-16,Central,Camera,Electronics,148.0,59.62857661732532,186161.0,140729.0,45432.0
2021-07-17,East,Smartwatch,Electronics,64.0,36.69805495326849,11654.0,52116.0,-40462.0
2021-07-18,South,Tablet,Electronics,784.0,16.025963529761167,192213.0,154023.0,38190.0
2021-07-19,South,Headphones,Home,79.0,8.513602347606597,128319.0,98599.0,29720.0
2021-07-20,Central,Smartwatch,Electronics,7.0,25.43747356024886,224015.0,230351.0,-6336.0
2021-07-21,Central,Smartwatch,Home,579.0,17.879979673226334,293727.0,27521.0,266206.0
2021-07-22,Central,Printer,Accessories,752.0,35.46838407044091,254105.0,55431.0,198674.0
2021-07-23,East,Headphones,Home,452.0,67.64865072864002,99242.0,11731.0,87511.0
2021-07-24,South,Headphones,Electronics,,40.2467445260749,58968.0,150816.0,-91848.0
2021-07-25,West,Camera,Accessories,279.0,62.29517391230685,139815.0,64094.0,75721.0
2021-07-26,East,Phone,Office,534.0,45.561518624704405,168223.0,19423.0,148800.0
2021-07-27,North,Printer,Home,596.0,33.26725686110403,136590.0,115612.0,20978.0
2021-07-28,Central,Headphones,Electronics,219.0,59.82252939133598,283796.0,149640.0,134156.0
2021-07-29,South,Headphones,Electronics,687.0,32.995767712109824,118114.0,179483.0,-61369.0
2021-07-30,East,Phone,Electronics,489.0,60.80397193572527,250615.0,4934.0,245681.0
2021-07-31,North,Camera,Office,333.0,20.41037387030357,256204.0,77945.0,178259.0
2021-08-01,East,Printer,Accessories,259.0,,239537.0,131443.0,108094.0
2021-08-02,East,Headphones,Accessories,391.0,59.872012505405685,178420.0,97946.0,80474.0
2021-08-03,West,Monitor,Electronics,130.0,41.11906146548667,211494.0,97344.0,114150.0
2021-08-04,West,Camera,Home,771.0,62.23646787742721,82001.0,140244.0,-58243.0
2021-08-05,East,Printer,Electronics,588.0,65.64790448946682,81757.0,28358.0,53399.0
2021-08-06,North,Headphones,Electronics,554.0,3.7539873260014422,29395.0,198385.0,-168990.0
2021-08-07,South,Headphones,Home,328.0,35.067851130120786,138407.0,130774.0,7633.0
2021-08-08,South,Phone,Electronics,208.0,26.247518435217046,106978.0,20763.0,86215.0
2021-08-09,Central,Printer,Office,176.0,43.8100877949082,249348.0,180745.0,68603.0
2021-08-10,Central,Monitor,Electronics,739.0,55.55138380416265,136572.0,232794.0,-96222.0
2021-08-11,South,Camera,Office,221.0,19.641315118205828,129541.0,228778.0,-99237.0
2021-08-12,East,Tablet,Electronics,249.0,38.975886906122014,228283.0,86997.0,141286.0
2021-08-13,East,Laptop,Accessories,340.0,49.61100059334297,275227.0,242830.0,32397.0
2021-08-14,West,Monitor,Home,707.0,9.410175798501381,217328.0,68975.0,148353.0
2021-08-15,West,Tablet,Accessories,302.0,56.98468341658868,188309.0,139876.0,48433.0
2021-08-16,Central,Monitor,Electronics,186.0,42.42767198970812,125423.0,243399.0,-117976.0
2021-08-17,South,Printer,Electronics,338.0,66.46762059795563,225788.0,179666.0,46122.0
2021-08-18,East,Tablet,Office,515.0,23.76702433914853,11613.0,210820.0,-199207.0
2021-08-19,South,Printer,Electronics,387.0,7.570215963603905,202935.0,88189.0,114746.0
2021-08-20,North,Tablet,Electronics,721.0,35.455084072584775,90666.0,88507.0,2159.0
2021-08-21,South,Monitor,Electronics,203.0,6.006754019660719,27068.0,68525.0,-41457.0
2021-08-22,North,Phone,Accessories,336.0,,286090.0,205476.0,80614.0
2021-08-23,West,Monitor,Office,169.0,2.7079470780034076,156619.0,239634.0,-83015.0
2021-08-24,West,Printer,Accessories,246.0,52.74527307751156,90237.0,100248.0,-10011.0
2021-08-25,Central,Monitor,Office,646.0,36.75716786995708,272913.0,25604.0,247309.0
2021-08-26,South,Smartwatch,Accessories,231.0,25.80344567488021,160955.0,117585.0,43370.0
2021-08-27,South,Smartwatch,Electronics,638.0,4.608951515605826,66340.0,154207.0,-87867.0
2021-08-28,North,Tablet,Accessories,560.0,43.55168469215254,84199.0,228152.0,-143953.0
2021-08-29,West,Smartwatch,Accessories,455.0,40.96542305736687,109222.0,169990.0,-60768.0
2021-08-30,North,Laptop,Office,200.0,19.661829114731983,238931.0,130716.0,108215.0
2021-08-31,West,Tablet,Office,208.0,63.71551909872185,171234.0,182921.0,-11687.0
2021-09-01,North,Smartwatch,Accessories,462.0,21.287700513998583,38434.0,162919.0,-124485.0
2021-09-02,West,Headphones,Office,261.0,31.48077874144743,289246.0,175846.0,113400.0
2021-09-03,North,Monitor,Office,533.0,38.0633719143059,26536.0,192781.0,-166245.0
2021-09-04,West,Camera,Office,276.0,7.016231472340026,213963.0,11680.0,202283.0
2021-09-05,North,Monitor,Home,13.0,65.25132034495427,203842.0,114508.0,89334.0
2021-09-06,South,Smartwatch,Office,,,109639.0,96619.0,13020.0
2021-09-07,Central,Phone,Home,,5.654544971204053,55775.0,56037.0,-262.0
2021-09-08,North,Printer,Home,63.0,27.110382157273097,36147.0,100969.0,-64822.0
2021-09-09,Central,Camera,Office,397.0,,159731.0,112115.0,47616.0
2021-09-10,South,Tablet,Accessories,656.0,35.95568702749307,245879.0,59914.0,185965.0
2021-09-11,South,Phone,Office,123.0,48.61793818260918,109663.0,158381.0,-48718.0
2021-09-12,West,Monitor,Electronics,557.0,3.8838759447537443,218168.0,108255.0,109913.0
2021-09-13,Central,Smartwatch,Accessories,403.0,19.91784271904393,28088.0,11349.0,16739.0
2021-09-14,East,Tablet,Home,335.0,57.346140378807156,,207151.0,-133687.0
2021-09-15,West,Tablet,Home,271.0,5.59255814539526,295328.0,192892.0,102436.0
2021-09-16,Central,Headphones,Accessories,524.0,59.88401682871703,156171.0,207068.0,-50897.0
2021-09-17,North,Headphones,Accessories,699.0,6.432726445397438,226578.0,166625.0,59953.0
2021-09-18,North,Smartwatch,Office,484.0,58.41179504241874,227352.0,29525.0,197827.0
2021-09-19,South,Smartwatch,Home,138.0,25.255188075510866,42739.0,6948.0,35791.0
2021-09-20,East,Laptop,Electronics,697.0,42.854634428005106,144461.0,15498.0,128963.0
2021-09-21,North,Headphones,Office,359.0,10.702098095359872,22352.0,151063.0,-128711.0
2021-09-22,Central,Printer,Accessories,588.0,4.631810520762659,131788.0,222582.0,-90794.0
2021-09-23,Central,Camera,Home,502.0,15.115674281409456,36828.0,233006.0,-196178.0
2021-09-24,North,Tablet,Accessories,629.0,8.949767253608687,73040.0,60790.0,12250.0
2021-09-25,Central,Headphones,Accessories,111.0,21.868412837574226,99430.0,139732.0,-40302.0
2021-09-26,Central,Smartwatch,Accessories,294.0,36.00682725577141,232603.0,27245.0,205358.0
2021-09-27,South,Laptop,Office,633.0,41.213162449550666,120957.0,132310.0,-11353.0
2021-09-28,East,Smartwatch,Electronics,636.0,55.290767516582,22748.0,151992.0,-129244.0
2021-09-29,South,Smartwatch,Electronics,151.0,45.9367925273851,,47659.0,45977.0
2021-09-30,East,Smartwatch,Home,331.0,42.61308275906871,169763.0,126983.0,42780.0
2021-10-01,Central,Monitor,Accessories,419.0,28.824741924004226,120158.0,75874.0,44284.0
2021-10-02,East,Camera,Electronics,214.0,33.16659044720971,224589.0,43517.0,181072.0
2021-10-03,Central,Headphones,Accessories,300.0,,201354.0,127618.0,73736.0
2021-10-04,Central,Tablet,Home,,58.95162210429682,234316.0,76885.0,157431.0
2021-10-05,South,Monitor,Accessories,107.0,16.10003167838799,196432.0,47350.0,149082.0
2021-10-06,South,Smartwatch,Electronics,640.0,0.4004652079375237,277390.0,78179.0,199211.0
2021-10-07,West,Printer,Accessories,761.0,45.59239280583675,246851.0,160346.0,86505.0
2021-10-08,North,Tablet,Electronics,512.0,14.172352854718199,64395.0,46013.0,18382.0
2021-10-09,West,Monitor,Home,,62.30805954168665,168558.0,238275.0,-69717.0
2021-10-10,West,Printer,Accessories,432.0,60.13324307946593,227143.0,40913.0,186230.0
2021-10-11,East,Printer,Electronics,397.0,5.370916034974412,267113.0,236237.0,30876.0
2021-10-12,Central,Camera,Home,113.0,7.447188378985414,282004.0,46819.0,235185.0
2021-10-13,Central,Tablet,Accessories,352.0,34.662011457266644,22013.0,83168.0,-61155.0
2021-10-14,Central,Headphones,Home,,42.64558639385483,38542.0,93680.0,-55138.0
2021-10-15,North,Headphones,Electronics,109.0,19.24358362375685,29935.0,209929.0,-179994.0
2021-10-16,East,Laptop,Accessories,424.0,50.17584016895594,54079.0,234699.0,-180620.0
2021-10-17,East,Monitor,Accessories,,41.644121464321,39111.0,95792.0,-56681.0
2021-10-18,Central,Laptop,Accessories,,22.73768768239883,211769.0,196982.0,14787.0
2021-10-19,West,Phone,Home,773.0,1.7760041629620915,223008.0,155557.0,67451.0
2021-10-20,North,Headphones,Home,277.0,52.51051969089624,45565.0,134932.0,-89367.0
2021-10-21,West,Monitor,Electronics,653.0,15.03275660775579,,50875.0,-26592.0
2021-10-22,South,Camera,Office,,58.41316204238399,236362.0,146991.0,89371.0
2021-10-23,East,Laptop,Accessories,305.0,,91916.0,230945.0,-139029.0
2021-10-24,East,Camera,Accessories,484.0,40.39542098422358,84552.0,74947.0,9605.0
2021-10-25,West,Camera,Electronics,548.0,61.106411128630135,43233.0,10586.0,32647.0
2021-10-26,North,Smartwatch,Accessories,561.0,60.453610064396734,289839.0,52986.0,236853.0
2021-10-27,East,Smartwatch,Home,269.0,26.00637026705013,131440.0,90848.0,40592.0
2021-10-28,West,Camera,Home,546.0,,178806.0,24055.0,154751.0
2021-10-29,North,Laptop,Accessories,600.0,54.26022544100163,268649.0,166962.0,101687.0
2021-10-30,West,Smartwatch,Accessories,170.0,30.31561425214918,6010.0,195153.0,-189143.0
2021-10-31,North,Phone,Home,320.0,13.442939549130287,249300.0,29807.0,219493.0
2021-11-01,Central,Printer,Accessories,5.0,63.30977396220052,135560.0,217992.0,-82432.0
2021-11-02,North,Printer,Home,,13.867293596876117,155933.0,48177.0,107756.0
2021-11-03,South,Smartwatch,Office,265.0,1.8065017733861755,260182.0,226533.0,33649.0
2021-11-04,Central,Laptop,Office,67.0,1.4195981637193977,145441.0,69625.0,75816.0
2021-11-05,West,Printer,Accessories,487.0,,162743.0,146314.0,16429.0
2021-11-06,Central,Tablet,Accessories,680.0,,69512.0,57317.0,12195.0
2021-11-07,Central,Printer,Accessories,325.0,21.772919353988875,103026.0,172050.0,-69024.0
2021-11-08,West,Headphones,Home,205.0,22.400769247294438,80656.0,17433.0,63223.0
2021-11-09,West,Laptop,Office,226.0,23.764574054195993,221831.0,34282.0,187549.0
2021-11-10,South,Smartwatch,Office,156.0,47.611098273121506,180210.0,77519.0,102691.0
2021-11-11,West,Smartwatch,Electronics,648.0,4.069365371878001,189492.0,241346.0,-51854.0
2021-11-12,East,Printer,Electronics,630.0,65.03814468839279,282633.0,44578.0,238055.0
2021-11-13,East,Laptop,Accessories,466.0,,64789.0,131843.0,-67054.0
2021-11-14,South,Phone,Home,221.0,69.97712436694646,74925.0,109333.0,-34408.0
2021-11-15,North,Tablet,Accessories,200.0,12.006588565103089,81625.0,202279.0,-120654.0
2021-11-16,North,Smartwatch,Office,797.0,54.008252011866425,256518.0,156205.0,100313.0
2021-11-17,East,Laptop,Accessories,,15.638878145073752,194300.0,51317.0,142983.0
2021-11-18,West,Smartwatch,Accessories,651.0,5.659276115027778,,128878.0,-120827.0
2021-11-19,South,Smartwatch,Office,238.0,61.24533270454542,174162.0,109745.0,64417.0
2021-11-20,North,Headphones,Office,145.0,60.11258814336243,33805.0,130230.0,-96425.0
2021-11-21,North,Printer,Office,,28.249927471472095,,66950.0,33028.0
2021-11-22,Central,Headphones,Office,,49.16772997782988,55241.0,60612.0,-5371.0
2021-11-23,East,Printer,Electronics,559.0,38.9946152878742,132838.0,65873.0,66965.0
2021-11-24,West,Smartwatch,Home,61.0,,70994.0,245469.0,-174475.0
2021-11-25,South,Laptop,Home,508.0,22.05391785230581,283210.0,116792.0,166418.0
2021-11-26,North,Camera,Office,146.0,,,218850.0,-78057.0
2021-11-27,Central,Printer,Home,726.0,,273448.0,194074.0,79374.0
2021-11-28,East,Camera,Home,588.0,24.773407837980113,,184580.0,63361.0
2021-11-29,East,Tablet,Home,740.0,62.40185451894606,47967.0,232792.0,-184825.0
2021-11-30,South,Headphones,Home,543.0,11.611454726377485,,170451.0,65845.0
2021-12-01,North,Camera,Office,644.0,10.465604766448731,76834.0,125814.0,-48980.0
2021-12-02,South,Headphones,Accessories,110.0,40.38366747259259,122771.0,16231.0,106540.0
2021-12-03,South,Printer,Accessories,,46.02459609894594,80842.0,88385.0,-7543.0
2021-12-04,Central,Printer,Accessories,219.0,13.623347802719563,7589.0,42163.0,-34574.0
2021-12-05,East,Tablet,Electronics,75.0,27.350220957823687,236617.0,122880.0,113737.0
2021-12-06,West,Printer,Home,720.0,66.25946900851206,,163748.0,-103830.0
2021-12-07,East,Smartwatch,Office,669.0,17.26321958834718,12711.0,88592.0,-75881.0
2021-12-08,East,Tablet,Office,583.0,46.78524914821759,222972.0,107564.0,115408.0
2021-12-09,Central,Camera,Electronics,,51.81045755883136,199399.0,217555.0,-18156.0
2021-12-10,West,Printer,Office,776.0,31.369008962561168,235314.0,56535.0,178779.0
2021-12-11,North,Laptop,Accessories,232.0,65.62681907317081,231218.0,111952.0,119266.0
2021-12-12,West,Monitor,Electronics,83.0,51.565971465315336,8970.0,223648.0,-214678.0
2021-12-13,North,Phone,Office,,32.054720590262846,263989.0,178182.0,85807.0
2021-12-14,West,Smartwatch,Electronics,353.0,39.85346412432658,126315.0,179050.0,-52735.0
2021-12-15,South,Monitor,Electronics,250.0,48.482941039757044,,222890.0,-73433.0
2021-12-16,West,Monitor,Office,276.0,41.453312630045275,128252.0,223809.0,-95557.0
2021-12-17,Central,Headphones,Accessories,407.0,61.50883086782531,142022.0,204441.0,-62419.0
2021-12-18,North,Smartwatch,Office,673.0,,237302.0,136824.0,100478.0
2021-12-19,East,Smartwatch,Home,120.0,20.992001803906344,209583.0,25507.0,184076.0
2021-12-20,Central,Tablet,Home,439.0,14.968722264668502,162833.0,217777.0,-54944.0
2021-12-21,North,Headphones,Office,,2.6448077645216594,,125225.0,75282.0
2021-12-22,North,Camera,Accessories,446.0,3.0109775066038735,68944.0,111282.0,-42338.0
2021-12-23,East,Phone,Home,176.0,60.903863517649796,,173567.0,-61130.0
2021-12-24,South,Camera,Home,20.0,47.48752024841351,,222538.0,-90744.0
2021-12-25,Central,Laptop,Office,,46.23726908055403,290024.0,192958.0,97066.0
2021-12-26,East,Phone,Office,60.0,43.02499732544202,137633.0,71559.0,66074.0
2021-12-27,East,Headphones,Office,595.0,59.44534012858734,58205.0,1982.0,56223.0
2021-12-28,South,Printer,Electronics,107.0,33.618684796593925,111948.0,211913.0,-99965.0
2021-12-29,Central,Printer,Electronics,288.0,60.92875799908102,69482.0,130128.0,-60646.0
2021-12-30,East,Headphones,Electronics,709.0,25.16115183275674,92154.0,148218.0,-56064.0
2021-12-31,South,Camera,Office,521.0,64.86952530373634,91066.0,248105.0,-157039.0
2022-01-01,Central,Headphones,Accessories,622.0,48.90598860568681,,186915.0,36565.0
2022-01-02,West,Headphones,Home,282.0,18.002399521709908,164402.0,77737.0,86665.0
2022-01-03,North,Monitor,Electronics,616.0,39.48594451820376,133514.0,83446.0,50068.0
2022-01-04,South,Laptop,Accessories,754.0,37.31213930417789,9983.0,89567.0,-79584.0
2022-01-05,North,Smartwatch,Office,273.0,9.652917521123378,175981.0,24636.0,151345.0
2022-01-06,West,Printer,Electronics,404.0,41.38700340254299,200552.0,83850.0,116702.0
2022-01-07,East,Monitor,Office,507.0,22.034993660187055,157401.0,159404.0,-2003.0
2022-01-08,East,Headphones,Accessories,90.0,3.6644136766721704,127668.0,183506.0,-55838.0
2022-01-09,Central,Tablet,Electronics,324.0,66.40593103945955,172806.0,84866.0,87940.0
2022-01-10,South,Monitor,Electronics,,44.90432583450015,,193343.0,17083.0
2022-01-11,South,Headphones,Electronics,340.0,61.38432523095929,212526.0,63726.0,148800.0
2022-01-12,Central,Printer,Electronics,,47.32392035092772,244026.0,81901.0,162125.0
2022-01-13,North,Smartwatch,Accessories,83.0,24.988858449807907,122512.0,241109.0,-118597.0
2022-01-14,East,Headphones,Electronics,,35.8881650630168,,142180.0,-70394.0
2022-01-15,East,Laptop,Home,178.0,,271902.0,69896.0,202006.0
2022-01-16,South,Camera,Home,622.0,67.21766276410062,113119.0,174625.0,-61506.0
2022-01-17,South,Phone,Office,505.0,17.756862138518752,87673.0,41880.0,45793.0
2022-01-18,Central,Monitor,Electronics,579.0,61.248394103688234,157904.0,246392.0,-88488.0
2022-01-19,West,Monitor,Home,80.0,,264111.0,53077.0,211034.0
2022-01-20,North,Monitor,Home,320.0,46.92908602612696,119869.0,4625.0,115244.0
2022-01-21,West,Headphones,Home,377.0,65.18866391809365,249944.0,39237.0,210707.0
2022-01-22,West,Smartwatch,Accessories,85.0,27.851501123415794,286872.0,2223.0,284649.0
2022-01-23,South,Laptop,Electronics,644.0,66.71113232283099,264554.0,191375.0,73179.0
2022-01-24,South,Smartwatch,Accessories,699.0,49.19480140161824,130019.0,66197.0,63822.0
2022-01-25,South,Headphones,Accessories,759.0,2.940403719316833,107548.0,237486.0,-129938.0
2022-01-26,West,Headphones,Home,,63.481098227333696,249525.0,75693.0,173832.0
2022-01-27,North,Camera,Home,736.0,33.91309663232348,154477.0,112555.0,41922.0
2022-01-28,South,Tablet,Office,75.0,,7821.0,38760.0,-30939.0
2022-01-29,East,Laptop,Electronics,670.0,39.6526624185744,178602.0,211254.0,-32652.0
2022-01-30,North,Monitor,Electronics,761.0,10.456918273985954,109273.0,111174.0,-1901.0
2022-01-31,East,Phone,Home,656.0,32.8416233997179,261196.0,128192.0,133004.0
2022-02-01,North,Monitor,Home,75.0,58.178905170242196,228626.0,190038.0,38588.0
2022-02-02,South,Smartwatch,Electronics,50.0,1.0837721396260735,215704.0,30024.0,185680.0
2022-02-03,Central,Headphones,Office,51.0,19.104201222705992,241579.0,202395.0,39184.0
2022-02-04,South,Laptop,Home,595.0,,21148.0,24202.0,-3054.0
2022-02-05,West,Printer,Office,426.0,29.099791640489382,91545.0,120414.0,-28869.0
2022-02-06,West,Laptop,Accessories,153.0,50.98208573456142,59459.0,52524.0,6935.0
2022-02-07,North,Laptop,Home,134.0,55.91402803802399,219417.0,175980.0,43437.0
2022-02-08,West,Tablet,Accessories,460.0,66.16328327889046,96954.0,168139.0,-71185.0
2022-02-09,South,Monitor,Home,643.0,42.59532290795506,290262.0,141432.0,148830.0
2022-02-10,East,Tablet,Accessories,635.0,17.82388066570268,136515.0,99228.0,37287.0
2022-02-11,South,Printer,Home,,64.69035643956893,94379.0,105755.0,-11376.0
2022-02-12,North,Printer,Office,778.0,54.27210277162633,288197.0,145013.0,143184.0
2022-02-13,West,Camera,Office,248.0,40.20999381022012,173276.0,16993.0,156283.0
2022-02-14,East,Smartwatch,Office,478.0,48.69481510032552,178312.0,15620.0,162692.0
2022-02-15,Central,Phone,Accessories,386.0,64.70214485052004,237415.0,124271.0,113144.0
2022-02-16,East,Camera,Office,107.0,49.867581993104515,144363.0,21193.0,123170.0
2022-02-17,East,Headphones,Accessories,493.0,25.78621553093138,244654.0,52559.0,192095.0
2022-02-18,South,Tablet,Home,41.0,49.91197416023677,283429.0,22248.0,261181.0
2022-02-19,Central,Tablet,Accessories,658.0,2.8194713914771508,18944.0,177924.0,-158980.0
2022-02-20,North,Camera,Home,553.0,27.049089328140685,106041.0,137099.0,-31058.0
2022-02-21,North,Headphones,Electronics,524.0,28.442612229190548,59391.0,64410.0,-5019.0
2022-02-22,East,Laptop,Electronics,747.0,11.678676409458427,6607.0,5260.0,1347.0
2022-02-23,East,Headphones,Electronics,337.0,1.6159836386239124,265314.0,38596.0,226718.0
2022-02-24,West,Monitor,Accessories,401.0,9.336686564641997,7953.0,239148.0,-231195.0
2022-02-25,Central,Camera,Electronics,300.0,45.82350470579386,49941.0,10012.0,39929.0
2022-02-26,East,Smartwatch,Electronics,111.0,56.16021714545813,207541.0,26823.0,180718.0
2022-02-27,West,Headphones,Electronics,534.0,69.17424449088819,206290.0,74851.0,131439.0
2022-02-28,Central,Laptop,Home,87.0,24.2454452175946,278298.0,48027.0,230271.0
2022-03-01,North,Headphones,Office,,,145119.0,210239.0,-65120.0
2022-03-02,West,Tablet,Accessories,710.0,65.60014767705853,93529.0,84794.0,8735.0
2022-03-03,Central,Phone,Electronics,465.0,11.692924693670683,211946.0,26099.0,185847.0
2022-03-04,West,Tablet,Home,219.0,50.23519104399199,19323.0,102427.0,-83104.0
2022-03-05,East,Smartwatch,Office,285.0,,194802.0,37992.0,156810.0
2022-03-06,South,Printer,Office,736.0,6.228287510853686,266092.0,120942.0,145150.0
2022-03-07,North,Phone,Office,463.0,,50111.0,228984.0,-178873.0
2022-03-08,East,Printer,Home,348.0,56.91735329775907,231325.0,118886.0,112439.0
2022-03-09,East,Headphones,Electronics,198.0,2.3382104604204113,54336.0,143049.0,-88713.0
2022-03-10,Central,Monitor,Office,162.0,6.375909041603603,,188306.0,-166401.0
2022-03-11,West,Smartwatch,Home,469.0,3.4388825724296623,35273.0,224302.0,-189029.0
2022-03-12,North,Headphones,Home,108.0,23.432047225955355,130191.0,179448.0,-49257.0
2022-03-13,East,Laptop,Accessories,38.0,35.65022934759483,162306.0,166050.0,-3744.0
2022-03-14,Central,Headphones,Home,106.0,37.264340956824014,,10218.0,204739.0
2022-03-15,North,Phone,Office,643.0,18.736673183860987,71538.0,22788.0,48750.0
2022-03-16,West,Tablet,Office,730.0,63.81178205921919,109570.0,21501.0,88069.0
2022-03-17,East,Monitor,Home,329.0,25.778395291033924,168645.0,210061.0,-41416.0
2022-03-18,East,Printer,Office,695.0,3.188510917574675,267025.0,104733.0,162292.0
2022-03-19,East,Headphones,Home,596.0,21.015897807897048,200392.0,16210.0,184182.0
2022-03-20,North,Headphones,Office,145.0,,133993.0,129476.0,4517.0
2022-03-21,North,Tablet,Accessories,478.0,28.575527581176242,278474.0,75225.0,203249.0
2022-03-22,North,Monitor,Electronics,35.0,19.16897633694814,,177561.0,50551.0
2022-03-23,North,Camera,Accessories,67.0,,216588.0,224989.0,-8401.0
2022-03-24,Central,Printer,Accessories,564.0,57.34151500673608,,64721.0,112704.0
2022-03-25,South,Headphones,Electronics,91.0,69.73016694869344,152083.0,227116.0,-75033.0
2022-03-26,Central,Headphones,Office,308.0,,,174725.0,-86188.0
2022-03-27,East,Camera,Electronics,65.0,,65985.0,218750.0,-152765.0
2022-03-28,Central,Printer,Home,400.0,43.262626727386994,22044.0,173022.0,-150978.0
2022-03-29,West,Phone,Electronics,338.0,50.290903231487896,127304.0,140988.0,-13684.0
2022-03-30,North,Phone,Accessories,790.0,27.44206743625139,,197983.0,-56661.0
2022-03-31,West,Smartwatch,Electronics,415.0,63.34506618872707,263116.0,32449.0,230667.0
2022-04-01,West,Smartwatch,Office,,39.20027924602429,290433.0,90333.0,200100.0
2022-04-02,East,Laptop,Accessories,470.0,,38087.0,21782.0,16305.0
2022-04-03,North,Tablet,Home,84.0,45.26709272119336,80952.0,224636.0,-143684.0
2022-04-04,West,Monitor,Office,,66.69626937744212,226767.0,21243.0,205524.0
2022-04-05,East,Headphones,Accessories,788.0,55.61866060951939,41368.0,248446.0,-207078.0
2022-04-06,North,Printer,Home,81.0,2.800919137458704,125648.0,30379.0,95269.0
2022-04-07,South,Headphones,Office,737.0,23.261693751797175,95693.0,38780.0,56913.0
2022-04-08,East,Smartwatch,Home,798.0,32.93812794658559,63900.0,162812.0,-98912.0
2022-04-09,Central,Laptop,Electronics,544.0,22.01623005463737,,115944.0,166694.0
2022-04-10,North,Printer,Electronics,365.0,49.013129258131954,181238.0,20984.0,160254.0
2022-04-11,West,Printer,Home,81.0,57.838840490380676,227182.0,1050.0,226132.0
2022-04-12,West,Headphones,Electronics,513.0,51.19415666296901,161405.0,138662.0,22743.0
2022-04-13,Central,Tablet,Home,168.0,,102799.0,41205.0,61594.0
2022-04-14,Central,Laptop,Office,13.0,19.07833535251204,136016.0,16162.0,119854.0
